ppo_delay,fixed_delay,ppo_queue,fixed_queue,ppo_throughput,fixed_throughput,ppo_stops,fixed_stops,ppo_pressure,fixed_pressure
0.08896040397374805,1.0,0.0,0.0,0.0,0.0,0.0,0.0,0.0,0.0
0.020223206327881327,0.9818236679712787,0.0,0.0,0.0,0.0,0.0,0.0,0.0,0.0
0.13636770156724676,0.9637872554534453,0.0,0.0,0.0,0.0,0.0,0.0,0.0,0.0
0.14633575711668012,0.9457582830891424,0.0,0.0,0.0,0.0,0.0,0.0,0.0,0.0
0.39238990969879695,0.929857769067072,0.0,0.0,0.0,0.0,0.0,0.0,0.0,0.0
0.6257867657250898,0.9144134008913788,0.0,0.0,0.0,0.0,0.0,0.0,0.0,0.0
0.8718409183072067,0.8994040165717541,0.0,0.0,0.0,0.0,0.0,0.0,0.0,0.0
0.9999612891552583,0.8837189805686801,0.14285714285714285,0.0,0.0,0.0,1.0,0.0,1.0,0.0
0.466680384673533,0.8691590605349356,0.0,0.0,0.0,0.0,0.0,0.0,0.0,0.0
0.4107406309290806,0.8574678527611816,0.0,0.0,0.0,0.0,0.0,0.0,0.0,0.0
0.3376456424427599,0.846771319728689,0.0,0.0,0.0,0.0,0.0,0.0,0.0,0.0
0.2546704387582488,0.8301962578964996,0.0,0.0,1.0,0.0,0.0,0.0,0.0,0.0
0.21987825233377056,0.8167342116598734,0.0,0.0,1.0,0.0,0.0,0.0,0.0,0.0
0.18907667701477432,0.8011558467220976,0.0,0.0,1.0,0.0,0.0,0.0,0.0,0.0
0.10120316625707637,0.7852025885399746,0.0,0.0,0.0,0.0,0.0,0.0,0.0,0.0
0.02234729186774942,0.7668361020158927,0.0,0.0,0.0,0.0,0.0,0.0,0.0,0.0
0.041733940487379606,0.7518066820243312,0.0,0.0,1.0,0.0,0.0,0.0,0.0,0.0
0.033011026968106094,0.7369572853521733,0.0,0.0,0.0,0.0,0.0,0.0,0.0,0.0
0.058226118591836684,0.7262401869200186,0.0,0.0,0.0,0.0,0.0,0.0,0.0,0.0
0.36165123037465036,0.7142579499092749,0.0,0.0,0.0,0.0,0.0,0.0,0.0,0.0
0.3192461898346763,0.7028635758283694,0.0,0.0,0.0,0.0,0.0,0.0,0.0,0.0
0.27510454189523015,0.6907649813724561,0.0,0.0,0.0,0.0,0.0,0.0,0.0,0.0
0.22309772587627794,0.6771748689960297,0.0,0.0,0.0,0.0,0.0,0.0,0.0,0.0
0.2156341043444592,0.6599446954582122,0.0,0.0,0.0,0.0,0.0,0.0,0.0,0.0
0.15370182947132158,0.6433746387098254,0.0,0.0,0.0,0.0,0.0,0.0,0.0,0.0
0.10379726436317094,0.6335178300296611,0.0,0.0,0.0,0.0,0.0,0.0,0.0,0.0
0.08059237527731555,0.6178650069238387,0.0,0.0,0.0,0.0,0.0,0.0,0.0,0.0
0.0636680903112264,0.6056012274733833,0.0,0.0,0.0,0.0,0.0,0.0,0.0,0.0
0.04606453636707689,0.5882247631203023,0.0,0.0,0.0,0.0,0.0,0.0,0.0,0.0
0.03604609794133018,0.5741562147459753,0.0,0.0,0.0,0.0,0.0,0.0,0.0,0.0
0.07257700175413166,0.5566202110549505,0.0,0.0,0.0,0.0,0.0,0.0,0.0,0.0
0.049022637074957354,0.5471421577091113,0.0,0.0,0.0,0.0,0.0,0.0,0.0,0.0
0.04971071262818916,0.534365925456901,0.0,0.0,0.0,0.0,0.0,0.0,0.0,0.0
0.05051431523458542,0.5196772340976545,0.0,0.0,1.0,0.0,0.0,0.0,0.0,0.0
0.24900666740847271,0.5067982840636187,0.0,0.0,0.0,0.0,0.0,0.0,0.0,0.0
0.2031502208989091,0.4965901317957705,0.0,0.0,0.0,0.0,0.0,0.0,0.0,0.0
0.41713245535096394,0.48165641734675957,0.0,0.0,0.0,0.0,0.0,0.0,0.0,0.0
0.30329926118075373,0.46499143601146786,0.0,0.0,0.0,0.0,0.0,0.0,0.0,0.0
0.20973073180389246,0.45282130841364665,0.0,0.0,0.0,0.0,0.0,0.0,0.0,0.0
0.09959645344717723,0.43889012093564417,0.0,0.0,0.0,0.0,0.0,0.0,0.0,0.0
0.057838662472091386,0.42684469217859755,0.0,0.0,0.0,0.0,0.0,0.0,0.0,0.0
0.0724453310642111,0.4100922544959251,0.0,0.0,0.0,0.0,0.0,0.0,0.0,0.0
0.10852538214091752,0.39923779853214314,0.0,0.0,0.0,0.0,0.0,0.0,0.0,0.0
0.05842508715448702,0.3857746484557184,0.0,0.0,0.0,0.0,0.0,0.0,0.0,0.0
0.029059738516151217,0.3706045945383374,0.0,0.0,0.0,0.0,0.0,0.0,0.0,0.0
0.08159344794586632,0.3521902859077034,0.0,0.0,1.0,0.0,0.0,0.0,0.0,0.0
0.2923352898102259,0.3342241064965523,0.0,0.0,1.0,0.0,0.0,0.0,0.0,0.0
0.34700389285615385,0.31673775022801587,0.0,0.0,0.0,0.0,0.0,0.0,0.0,0.0
0.24324652858532272,0.3056863792415986,0.0,0.0,0.0,0.0,0.0,0.0,0.0,0.0
0.23861753883607098,0.2884421631813451,0.0,0.0,0.0,0.0,0.0,0.0,0.0,0.0
0.22544170054241566,0.27857813672102705,0.0,0.0,0.0,0.0,0.0,0.0,0.0,0.0
0.11376972583264522,0.26815265771272156,0.0,0.0,0.0,0.0,0.0,0.0,0.0,0.0
0.031941461520781034,0.2546573884356511,0.0,0.0,0.0,0.0,0.0,0.0,0.0,0.0
0.05346283286842468,0.23985855630013242,0.0,0.0,0.0,0.0,0.0,0.0,0.0,0.0
0.04913996687609956,0.22492071737708064,0.0,0.0,1.0,0.0,0.0,0.0,0.0,0.0
0.03536998467741,0.21524182484147114,0.0,0.0,1.0,0.0,0.0,0.0,0.0,0.0
0.29140472705121534,0.20350429387836455,0.0,0.0,1.0,0.0,0.0,0.0,0.0,0.0
0.2738690518548523,0.19355109337776677,0.0,0.0,0.0,0.0,0.0,0.0,0.0,0.0
0.20186048512700175,0.17985113616156378,0.0,0.0,0.0,0.0,0.0,0.0,0.0,0.0
0.2335777266167057,0.165624331097173,0.0,0.0,0.0,0.0,0.0,0.0,0.0,0.0
0.3557947717791695,0.14909984401194876,0.0,0.0,0.0,0.0,0.0,0.0,0.0,0.0
0.3262066470543048,0.13760263645391524,0.0,0.0,0.0,0.0,0.0,0.0,0.0,0.0
0.3072059021653143,0.12604924523777128,0.0,0.0,0.0,0.0,0.0,0.0,0.0,0.0
0.2634082902608318,0.11086797064004905,0.0,0.0,1.0,0.0,0.0,0.0,0.0,0.0
0.18532994499360034,0.09922722806968376,0.0,0.0,1.0,0.0,0.0,0.0,0.0,0.0
0.09628057777214269,0.0831223333979958,0.0,0.0,2.0,0.0,0.0,0.0,0.0,0.0
0.08235251458787224,0.06583418881095138,0.0,0.0,1.0,0.0,0.0,0.0,0.0,0.0
0.08118648252276159,0.05317139539776883,0.0,0.0,1.0,0.0,0.0,0.0,0.0,0.0
0.05882577662489172,0.04236899657689286,0.0,0.0,0.0,0.0,0.0,0.0,0.0,0.0
0.24579242265877493,0.027158169204444915,0.0,0.0,0.0,0.0,0.0,0.0,0.0,0.0
0.22178570231643793,0.009953200264374185,0.0,0.0,0.0,0.0,0.0,0.0,0.0,0.0
0.20398068062057578,0.0028428073633532946,0.0,0.0,0.0,0.0,0.0,0.0,0.0,0.0
0.20277405265189202,0.00795426622708617,0.0,0.0,0.0,0.0,0.0,0.0,0.0,0.0
0.18285223667097847,0.00017386532429153334,0.0,0.0,0.0,0.0,0.0,0.0,0.0,0.0
0.13104024183469115,0.003160800580658263,0.0,0.0,0.0,0.0,0.0,0.0,0.0,0.0
0.11558101869571627,0.006726993019083638,0.0,0.0,0.0,0.0,0.0,0.0,0.0,0.0
0.09602228661298921,0.0034004207017326316,0.0,0.0,1.0,0.0,0.0,0.0,0.0,0.0
0.0776942050817366,0.008922932652835058,0.0,0.0,1.0,0.0,0.0,0.0,0.0,0.0
0.06418546038541177,0.003212454529291975,0.0,0.0,0.0,0.0,0.0,0.0,0.0,0.0
0.25985346119117836,0.0036574371897774016,0.0,0.0,0.0,0.0,0.0,0.0,0.0,0.0
0.24368248378042873,0.00570705779723546,0.0,0.0,0.0,0.0,0.0,0.0,0.0,0.0
0.24423980612844112,0.005033016086473663,0.0,0.0,0.0,0.0,0.0,0.0,0.0,0.0
0.20748356225495837,0.004117348390258901,0.0,0.0,0.0,0.0,0.0,0.0,0.0,0.0
0.17382243701867744,0.0063435341906113996,0.0,0.0,0.0,0.0,0.0,0.0,0.0,0.0
0.14179927471927067,0.0026789858639590935,0.0,0.0,1.0,0.0,0.0,0.0,0.0,0.0
0.11172382134091845,0.004519415965986706,0.0,0.0,1.0,0.0,0.0,0.0,0.0,0.0
0.19907147062883795,0.008767453324687868,0.0,0.0,0.0,0.0,0.0,0.0,0.0,0.0
0.13874027531343353,0.00018855480320467688,0.0,0.0,0.0,0.0,0.0,0.0,0.0,0.0
0.24047481087601802,0.005380617993495873,0.0,0.0,1.0,0.0,0.0,0.0,0.0,0.0
0.20878965648609435,0.0053567770993105945,0.0,0.0,0.0,0.0,0.0,0.0,0.0,0.0
0.19534049370116874,0.0004580881813912585,0.0,0.0,0.0,0.0,0.0,0.0,0.0,0.0
0.16846964091830555,0.004568117089981949,0.0,0.0,0.0,0.0,0.0,0.0,0.0,0.0
0.1321575344963304,0.005447587974478196,0.0,0.0,0.0,0.0,0.0,0.0,0.0,0.0
0.10156077902256351,0.004995692969265386,0.0,0.0,0.0,0.0,0.0,0.0,0.0,0.0
0.2378886394055253,0.005055681508909116,0.0,0.0,0.0,0.0,0.0,0.0,0.0,0.0
0.21880323757295692,0.006612365245220464,0.0,0.0,0.0,0.0,0.0,0.0,0.0,0.0
0.14500448437229244,0.003876996823573675,0.0,0.0,0.0,0.0,0.0,0.0,0.0,0.0
0.13159872226926994,0.0016704300454835064,0.0,0.0,0.0,0.0,0.0,0.0,0.0,0.0
0.10389118001695044,0.0052279059654030124,0.0,0.0,0.0,0.0,0.0,0.0,0.0,0.0
0.1054173920868228,0.004477098894899889,0.0,0.0,1.0,0.0,0.0,0.0,0.0,0.0
0.23276133663711254,0.008224088717836087,0.0,0.0,1.0,0.0,0.0,0.0,0.0,0.0
0.1718177185700013,0.0027718621517680564,0.0,0.0,0.0,0.0,0.0,0.0,0.0,0.0
0.17290829868316746,0.007881119205860876,0.0,0.0,1.0,0.0,0.0,0.0,0.0,0.0
0.14608098419851687,0.00642731041023048,0.0,0.0,1.0,0.0,0.0,0.0,0.0,0.0
0.11151667685892801,0.006157409601106889,0.0,0.0,0.0,0.0,0.0,0.0,0.0,0.0
0.11745535803359472,0.0039808704024802966,0.0,0.0,0.0,0.0,0.0,0.0,0.0,0.0
0.23601497455760487,0.00553264339993087,0.0,0.0,0.0,0.0,0.0,0.0,0.0,0.0
0.197539979297336,0.008388074309596538,0.0,0.0,0.0,0.0,0.0,0.0,0.0,0.0
0.15455198321444671,0.002249908163092118,0.0,0.0,1.0,0.0,0.0,0.0,0.0,0.0
0.17628410366817687,0.007972731420378798,0.0,0.0,1.0,0.0,0.0,0.0,0.0,0.0
0.1459838634527973,0.003757533129164936,0.0,0.0,0.0,0.0,0.0,0.0,0.0,0.0
0.1393256303211145,0.004765353065184552,0.0,0.0,0.0,0.0,0.0,0.0,0.0,0.0
0.32464832722137976,0.009001554468075157,0.0,0.0,0.0,0.0,0.0,0.0,0.0,0.0
0.3315769979926353,0.0055954559474513665,0.0,0.0,0.0,0.0,0.0,0.0,0.0,0.0
0.3060610103645344,0.0040502853945247885,0.0,0.0,0.0,0.0,0.0,0.0,0.0,0.0
0.2805878197056045,0.002151991584841917,0.0,0.0,1.0,0.0,0.0,0.0,0.0,0.0
0.24198627453888363,0.00047468837852671086,0.0,0.0,1.0,0.0,0.0,0.0,0.0,0.0
0.30902573208419315,0.002483520957009766,0.0,0.0,2.0,0.0,0.0,0.0,0.0,0.0
0.2554379051949981,0.0041322685142151094,0.0,0.0,1.0,0.0,0.0,0.0,0.0,0.0
0.2083427604389874,0.005278142237811978,0.0,0.0,1.0,0.0,0.0,0.0,0.0,0.0
0.14771380585608312,0.09590985656886108,0.0,0.0,1.0,0.0,0.0,0.0,0.0,0.0
0.11064185154930618,0.07982459051784985,0.0,0.0,1.0,0.0,0.0,0.0,0.0,0.0
0.08347592269477576,0.0678017965225679,0.0,0.0,0.0,0.0,0.0,0.0,0.0,0.0
0.21233660190493397,0.051354175921349055,0.0,0.0,0.0,0.0,0.0,0.0,0.0,0.0
0.2074959799129287,0.037071808115367144,0.0,0.0,0.0,0.0,0.0,0.0,0.0,0.0
0.14673154515532746,0.021356633657463986,0.0,0.0,0.0,0.0,0.0,0.0,0.0,0.0
0.1030760623837496,0.08968723183185645,0.0,0.0,0.0,0.0,0.0,0.0,0.0,0.0
0.06703431506920295,0.11387378644536761,0.0,0.0,0.0,0.0,0.0,0.0,0.0,0.0
0.07640580209848225,0.13571067895985534,0.0,0.0,1.0,0.0,0.0,0.0,0.0,0.0
0.21042293467298565,0.16031609421806703,0.0,0.0,1.0,0.0,0.0,0.0,0.0,0.0
0.1679093509576101,0.18492150947627872,0.0,0.0,0.0,0.0,0.0,0.0,0.0,0.0
0.15013788199049596,0.20850668600445632,0.0,0.0,1.0,0.0,0.0,0.0,0.0,0.0
0.12777731920040544,0.2327857031836137,0.0,0.0,1.0,0.0,0.0,0.0,0.0,0.0
0.12194418045247546,0.2573911184418254,0.0,0.0,0.0,0.0,0.0,0.0,0.0,0.0
0.10691048789312331,0.28162523841880904,0.0,0.0,0.0,0.0,0.0,0.0,0.0,0.0
0.19510902410050895,0.30623065367702074,0.0,0.0,0.0,0.0,0.0,0.0,0.0,0.0
0.1814992396225406,0.33083606893523243,0.0,0.0,0.0,0.0,0.0,0.0,0.0,0.0
0.1647282904486704,0.35544148419344423,0.0,0.0,0.0,0.0,0.0,0.0,0.0,0.0
0.417340277956028,0.38004689945165593,0.0,0.0,0.0,0.0,0.0,0.0,0.0,0.0
0.3734419031513024,0.4046523147098676,0.0,0.0,0.0,0.0,0.0,0.0,0.0,0.0
0.31947737684673533,0.4292577299680793,0.0,0.0,1.0,0.0,0.0,0.0,0.0,0.0
0.2707057136734344,0.453863145226291,0.0,0.0,1.0,0.0,0.0,0.0,0.0,0.0
0.2209306387829959,0.4784685604845027,0.0,0.0,1.0,0.0,0.0,0.0,0.0,0.0
0.28020074235063985,0.5030739757427145,0.0,0.0,1.0,0.0,0.0,0.0,0.0,0.0
0.2156397966968529,0.5276793910009261,0.0,0.0,1.0,0.0,0.0,0.0,0.0,0.0
0.19733332520156865,0.5522848062591379,0.0,0.0,1.0,0.0,0.0,0.0,0.0,0.0
0.14932739026987177,0.5768902215173496,0.0,0.0,1.0,0.0,0.0,0.0,0.0,1.0
0.14225833045782257,0.6014956367755613,0.0,0.0,0.0,0.0,0.0,0.0,0.0,1.0
0.21458710901788342,0.626101052033773,0.0,0.0,1.0,0.0,0.0,0.0,0.0,1.0
0.20295603927147507,0.6507064672919847,0.0,0.0,1.0,0.0,0.0,0.0,0.0,1.0
0.18783747172690424,0.6753118825501965,0.0,0.0,0.0,0.0,0.0,0.0,0.0,1.0
0.15828588783668102,0.6999172978084081,0.0,0.0,0.0,0.0,0.0,0.0,0.0,1.0
0.16398909764485742,0.7245227130666199,0.0,0.0,0.0,0.0,0.0,0.0,0.0,1.0
0.2471411567853493,0.7491281283248316,0.0,0.0,0.0,0.0,0.0,0.0,0.0,1.0
0.21636972486303846,0.7737335435830432,0.0,0.0,0.0,0.0,0.0,0.0,0.0,1.0
0.17245688190731961,0.7983389588412549,0.0,0.0,0.0,0.0,0.0,0.0,0.0,1.0
0.1843347663782379,0.8229443740994666,0.0,0.0,1.0,0.0,0.0,0.0,0.0,1.0
0.12176008912170722,0.8475497893576782,0.0,0.0,1.0,0.0,0.0,0.0,0.0,1.0
0.20244304988636622,0.8721552046158899,0.0,0.0,1.0,0.0,0.0,0.0,0.0,1.0
0.19778525630610153,0.8967606198741016,0.0,0.0,1.0,0.0,0.0,0.0,0.0,1.0
0.19032935255430272,0.9213660351323133,0.0,0.0,1.0,0.0,0.0,0.0,0.0,1.0
0.15724191268356602,0.945971450390525,0.0,0.0,1.0,0.0,0.0,0.0,0.0,1.0
0.16092140824117296,0.9705768656487367,0.0,0.0,0.0,0.0,0.0,0.0,0.0,1.0
0.21652507923437309,0.995144301536126,0.0,0.14285714285714285,1.0,0.0,0.0,1.0,0.0,1.0
0.28710992910359473,0.9999489858155604,0.0,0.14285714285714285,0.0,0.0,0.0,1.0,0.0,1.0
0.29310042769094946,0.9999992182274383,0.0,0.14285714285714285,0.0,0.0,0.0,1.0,0.0,1.0
0.33207931245730654,1.0,0.0,0.14285714285714285,1.0,0.0,0.0,1.0,0.0,1.0
0.3093911240870117,1.0,0.0,0.14285714285714285,1.0,0.0,0.0,1.0,0.0,1.0
0.2037165941815688,1.0,0.0,0.14285714285714285,2.0,0.0,0.0,1.0,0.0,1.0
0.18973244944883172,1.0,0.0,0.14285714285714285,1.0,0.0,0.0,1.0,0.0,1.0
0.1605242994303968,1.0,0.0,0.14285714285714285,1.0,0.0,0.0,1.0,0.0,1.0
0.23096895618601673,1.0,0.0,0.14285714285714285,1.0,0.0,0.0,1.0,0.0,1.0
0.21834107339787573,1.0,0.0,0.14285714285714285,0.0,0.0,0.0,1.0,0.0,1.0
0.2002393541855798,1.0,0.0,0.14285714285714285,0.0,0.0,0.0,1.0,0.0,1.0
0.19569570309986675,1.0,0.0,0.14285714285714285,0.0,0.0,0.0,1.0,0.0,1.0
0.17659366374813418,1.0,0.0,0.14285714285714285,0.0,0.0,0.0,1.0,0.0,1.0
0.22475585075706134,1.0,0.0,0.14285714285714285,1.0,0.0,0.0,1.0,0.0,1.0
0.2002367292618461,1.0,0.0,0.14285714285714285,1.0,0.0,0.0,1.0,0.0,1.0
0.1912645466550208,1.0,0.0,0.14285714285714285,0.0,0.0,0.0,1.0,0.0,1.0
0.17118121844543985,1.0,0.0,0.14285714285714285,0.0,0.0,0.0,1.0,0.0,1.0
0.1492513691044764,1.0,0.0,0.14285714285714285,0.0,0.0,0.0,1.0,0.0,1.0
0.3785021375425914,0.9918232037766566,0.14285714285714285,0.14285714285714285,1.0,0.0,1.0,1.0,1.0,1.0
0.34404699365611396,0.9836747874685962,0.0,0.14285714285714285,1.0,0.0,0.0,1.0,0.0,1.0
0.3441742501638447,0.9759270765197148,0.0,0.14285714285714285,0.0,0.0,0.0,1.0,0.0,1.0
0.407976400561008,0.9691319997797813,0.0,0.14285714285714285,0.0,0.0,0.0,1.0,0.0,1.0
0.3629559805335954,0.9609469677119996,0.0,0.14285714285714285,1.0,0.0,0.0,1.0,0.0,1.0
0.31165720104298106,0.9537375591998369,0.0,0.14285714285714285,1.0,0.0,0.0,1.0,0.0,1.0
0.34929575427204157,0.9478157261509954,0.0,0.14285714285714285,0.0,0.0,0.0,1.0,0.0,1.0
0.2868449682629689,0.9398982912377323,0.0,0.14285714285714285,0.0,0.0,0.0,1.0,0.0,1.0
0.30533417564143644,0.9319934920184443,0.0,0.14285714285714285,0.0,0.0,0.0,1.0,0.0,1.0
0.35448609033033834,0.9243847580982237,0.14285714285714285,0.14285714285714285,0.0,0.0,1.0,1.0,1.0,1.0
0.32787655728411746,0.9198896525425141,0.14285714285714285,0.14285714285714285,0.0,0.0,0.5,1.0,1.0,1.0
0.31089815980475044,0.9150146088207093,0.14285714285714285,0.14285714285714285,0.0,0.0,0.5,1.0,1.0,1.0
0.27769855404081173,0.9105402856091596,0.14285714285714285,0.14285714285714285,1.0,0.0,1.0,1.0,1.0,1.0
0.27428211189966906,0.9035692832524065,0.14285714285714285,0.14285714285714285,1.0,0.0,1.0,1.0,1.0,1.0
0.29379543330894464,0.8964902591970143,0.14285714285714285,0.14285714285714285,1.0,0.0,0.5,1.0,1.0,1.0
0.25114071429718055,0.8882309985298316,0.14285714285714285,0.14285714285714285,1.0,0.0,1.0,1.0,1.0,1.0
0.2530225066682883,0.8807723974282335,0.14285714285714285,0.14285714285714285,2.0,0.0,1.0,1.0,1.0,1.0
0.28422262033139917,0.8752054922424068,0.14285714285714285,0.14285714285714285,1.0,0.0,1.0,1.0,1.0,1.0
0.23827574704128976,0.8691829886023823,0.14285714285714285,0.14285714285714285,1.0,0.0,1.0,1.0,1.0,1.0
0.22018129343829718,0.8645608887496192,0.14285714285714285,0.14285714285714285,0.0,0.0,1.0,1.0,1.0,1.0
0.21542032273802272,0.8564427810165802,0.14285714285714285,0.14285714285714285,1.0,0.0,1.0,1.0,1.0,1.0
0.2041289908930973,0.8487880834140964,0.14285714285714285,0.14285714285714285,1.0,0.0,0.5,1.0,1.0,1.0
0.21066350461482924,0.842161657443657,0.14285714285714285,0.14285714285714285,0.0,0.0,0.3333333333333333,1.0,1.0,1.0
0.3002580875241862,0.8359440586402053,0.2857142857142857,0.14285714285714285,0.0,0.0,0.6666666666666666,1.0,2.0,1.0
0.28797520076048677,0.8282582300667654,0.2857142857142857,0.14285714285714285,0.0,0.0,0.6666666666666666,1.0,2.0,1.0
0.2884481327512,0.8223182997803521,0.2857142857142857,0.14285714285714285,0.0,0.0,0.5,1.0,2.0,1.0
0.3120744885603334,0.8148287105881914,0.2857142857142857,0.14285714285714285,1.0,0.0,0.4,1.0,2.0,1.0
0.3392174182717862,0.8067685894568932,0.42857142857142855,0.14285714285714285,0.0,0.0,0.6,1.0,3.0,1.0
0.34489637823505626,0.8021265182663464,0.7142857142857143,0.14285714285714285,1.0,0.0,0.8333333333333334,1.0,5.0,1.0
0.3337588495635213,0.7938591989901483,0.7142857142857143,0.14285714285714285,0.0,0.0,0.8333333333333334,1.0,5.0,1.0
0.3585211235690143,0.7856023437375167,0.7142857142857143,0.14285714285714285,1.0,0.0,0.8333333333333334,1.0,5.0,1.0
0.44350946922205897,0.7786104580120567,0.5714285714285714,0.14285714285714285,0.0,0.0,0.5714285714285714,1.0,4.0,1.0
0.44738803415598205,0.7704490001973217,0.5714285714285714,0.14285714285714285,0.0,0.0,0.5714285714285714,1.0,4.0,1.0
0.45554792212797607,0.7632488060865046,0.5714285714285714,0.14285714285714285,1.0,0.0,0.6666666666666666,1.0,4.0,1.0
0.4495907439193037,0.7579187003380348,0.5714285714285714,0.14285714285714285,2.0,0.0,0.5,1.0,4.0,1.0
0.43819095011861803,0.7508795495587473,0.5714285714285714,0.14285714285714285,2.0,0.0,0.5714285714285714,1.0,4.0,1.0
0.44236252025954736,0.7460405010260416,0.8571428571428571,0.14285714285714285,2.0,0.0,1.0,1.0,6.0,1.0
0.41147238589874674,0.7414186787885477,0.8571428571428571,0.14285714285714285,2.0,0.0,1.0,1.0,6.0,1.0
0.41419090980343576,0.7332316606400111,0.8571428571428571,0.14285714285714285,1.0,0.0,0.8571428571428571,1.0,6.0,1.0
0.3927971170622871,0.7267358534104518,0.8571428571428571,0.14285714285714285,1.0,0.0,1.0,1.0,6.0,1.0
0.41830925281600523,0.7208468687113911,0.7142857142857143,0.14285714285714285,0.0,0.0,0.7142857142857143,1.0,5.0,1.0
0.40656151080546066,0.7164426963863497,0.5714285714285714,0.14285714285714285,0.0,0.0,0.5,1.0,4.0,1.0
0.44463754560904023,0.7115468721521103,0.5714285714285714,0.14285714285714285,1.0,0.0,0.5,1.0,4.0,1.0
0.4860687296234379,0.7070008933268861,0.7142857142857143,0.14285714285714285,0.0,0.0,0.625,1.0,5.0,1.0
0.48558404893728047,0.7016163186104892,0.8571428571428571,0.14285714285714285,0.0,0.0,0.6666666666666666,1.0,6.0,1.0
0.4805620021768848,0.6937431881475733,1.0,0.14285714285714285,1.0,0.0,0.7777777777777778,1.0,7.0,1.0
0.5000423587536363,0.6862799656645082,1.1428571428571428,0.14285714285714285,0.0,0.0,1.0,1.0,8.0,1.0
0.4958486733020492,0.679762682668029,1.1428571428571428,0.14285714285714285,1.0,0.0,0.8888888888888888,1.0,8.0,1.0
0.6214016719692786,0.6730536305219694,0.8571428571428571,0.14285714285714285,0.0,0.0,0.75,1.0,6.0,1.0
0.6355687059711307,0.6654629029129961,0.8571428571428571,0.14285714285714285,1.0,0.0,0.75,1.0,6.0,1.0
0.640585553508989,0.6610652715654766,0.8571428571428571,0.14285714285714285,2.0,0.0,1.0,1.0,6.0,1.0
0.6595316442585227,0.6564210223449549,0.8571428571428571,0.14285714285714285,1.0,0.0,0.8571428571428571,1.0,6.0,1.0
0.6447336493780347,0.6504984487760814,0.8571428571428571,0.14285714285714285,2.0,0.0,1.0,1.0,6.0,1.0
0.6302455616280327,0.6433858450075685,0.8571428571428571,0.14285714285714285,1.0,0.0,0.75,1.0,6.0,1.0
0.625053793051278,0.6363643853194216,0.8571428571428571,0.14285714285714285,1.0,0.0,1.0,1.0,6.0,1.0
0.5976566687752818,0.628745921979596,0.8571428571428571,0.14285714285714285,0.0,0.0,0.75,1.0,6.0,1.0
0.5689192864219669,0.6233882469221619,0.8571428571428571,0.14285714285714285,2.0,0.0,1.0,1.0,6.0,1.0
0.5706929788906091,0.6172898272114236,0.7142857142857143,0.14285714285714285,0.0,0.0,0.8333333333333334,1.0,5.0,1.0
0.6045828141846774,0.6115862368750458,0.5714285714285714,0.14285714285714285,0.0,0.0,0.5714285714285714,1.0,4.0,1.0
0.6380387562256233,0.6045417003535349,0.5714285714285714,0.14285714285714285,0.0,0.0,0.5714285714285714,1.0,4.0,1.0
0.6553344392051651,0.5984193544345523,0.7142857142857143,0.14285714285714285,0.0,0.0,0.625,1.0,5.0,1.0
0.6663992742996202,0.5942273669330302,0.8571428571428571,0.14285714285714285,0.0,0.0,0.75,1.0,6.0,1.0
0.6737124374145327,0.5859442545371287,1.0,0.14285714285714285,1.0,0.0,0.7777777777777778,1.0,7.0,1.0
0.6729243334211661,0.5807509576847006,1.1428571428571428,0.14285714285714285,0.0,0.0,0.8888888888888888,1.0,8.0,1.0
0.6492500347872202,0.576358916446942,1.1428571428571428,0.14285714285714285,1.0,0.0,1.0,1.0,8.0,1.0
0.6799368225605849,0.5701849020505799,0.8571428571428571,0.14285714285714285,0.0,0.0,0.75,1.0,6.0,1.0
0.6732058497104271,0.562123968556287,0.8571428571428571,0.14285714285714285,0.0,0.0,0.75,1.0,6.0,1.0
0.6745119888706705,0.5559713892176408,0.8571428571428571,0.14285714285714285,1.0,0.0,1.0,1.0,6.0,1.0
0.670036439050113,0.5482304025091551,0.8571428571428571,0.14285714285714285,1.0,0.0,1.0,1.0,6.0,1.0
0.6559431135078555,0.5434567053870697,0.8571428571428571,0.14285714285714285,2.0,0.0,1.0,1.0,6.0,1.0
0.6382425066308492,0.536147228200935,0.8571428571428571,0.14285714285714285,2.0,0.0,1.0,1.0,6.0,1.0
0.6247988225873667,0.5315189319769487,0.8571428571428571,0.14285714285714285,1.0,0.0,1.0,1.0,6.0,1.0
0.5845514677387449,0.5237602735899356,0.8571428571428571,0.14285714285714285,1.0,0.0,1.0,1.0,6.0,1.0
0.5943079230791432,0.5183519875829129,0.5714285714285714,0.14285714285714285,0.0,0.0,0.8,1.0,4.0,1.0
0.5809939389228821,0.5112972380238998,0.42857142857142855,0.14285714285714285,0.0,0.0,0.6,1.0,3.0,1.0
0.6307524763370534,0.5049020826998327,0.42857142857142855,0.14285714285714285,1.0,0.0,0.5,1.0,3.0,1.0
0.6593344186507709,0.5012115831844807,0.5714285714285714,0.14285714285714285,0.0,0.0,0.6666666666666666,1.0,4.0,1.0
0.6339887962615274,0.50322356333691,0.7142857142857143,0.14285714285714285,0.0,0.0,0.8333333333333334,1.0,5.0,1.0
0.6101238356179839,0.5035375926411333,0.7142857142857143,0.14285714285714285,1.0,0.0,0.8333333333333334,1.0,5.0,1.0
0.5664015186578613,0.5003807551950067,0.7142857142857143,0.14285714285714285,0.0,0.0,0.8333333333333334,1.0,5.0,1.0
0.5300245555177284,0.5034193105984799,0.7142857142857143,0.14285714285714285,0.0,0.0,1.0,1.0,5.0,1.0
0.6777615089649652,0.5001039603752215,0.8571428571428571,0.14285714285714285,0.0,0.0,1.0,1.0,6.0,1.0
0.6607292022851714,0.500478024138665,0.8571428571428571,0.14285714285714285,0.0,0.0,1.0,1.0,6.0,1.0
0.7057532907048922,0.5033620483933672,0.8571428571428571,0.14285714285714285,0.0,0.0,1.0,1.0,6.0,1.0
0.6948917914223468,0.5000516393632979,0.8571428571428571,0.14285714285714285,1.0,0.0,1.0,1.0,6.0,1.0
0.6792923174214673,0.5013955826954647,0.8571428571428571,0.14285714285714285,1.0,0.0,1.0,1.0,6.0,1.0
0.6715650747568976,0.5006981480029722,0.8571428571428571,0.14285714285714285,0.0,0.0,1.0,1.0,6.0,1.0
0.6714515186096371,0.5009296102993082,0.8571428571428571,0.14285714285714285,0.0,0.0,1.0,1.0,6.0,1.0
0.6632733958586714,0.5015056990375095,0.8571428571428571,0.14285714285714285,0.0,0.0,1.0,1.0,6.0,1.0
0.6433704446977411,0.5000938072021464,0.42857142857142855,0.14285714285714285,0.0,0.0,0.75,1.0,3.0,1.0
0.6258370680940432,0.5012262083300232,0.2857142857142857,0.14285714285714285,0.0,0.0,0.5,1.0,2.0,1.0
0.7603723676458383,0.5027627025608554,0.2857142857142857,0.14285714285714285,1.0,0.0,0.5,1.0,2.0,1.0
0.7112921052031531,0.5017063642555775,0.2857142857142857,0.14285714285714285,0.0,0.0,0.5,1.0,2.0,1.0
0.6441906333189628,0.5029683240419975,0.42857142857142855,0.14285714285714285,0.0,0.0,0.75,1.0,3.0,1.0
0.593880796386117,0.5007833321566204,0.42857142857142855,0.14285714285714285,0.0,0.0,0.75,1.0,3.0,1.0
0.5427560865681164,0.5034534577565453,0.42857142857142855,0.14285714285714285,0.0,0.0,0.75,1.0,3.0,1.0
0.4809097093897038,0.5027304825870071,0.42857142857142855,0.14285714285714285,1.0,0.0,1.0,1.0,3.0,1.0
0.43396832003306457,0.5012893356195012,0.2857142857142857,0.14285714285714285,0.0,0.0,1.0,1.0,2.0,1.0
0.4104853221634836,0.5017747863889901,0.2857142857142857,0.14285714285714285,0.0,0.0,1.0,1.0,2.0,1.0
0.45027770089905245,0.5027143713218425,0.2857142857142857,0.14285714285714285,0.0,0.0,1.0,1.0,2.0,1.0
0.4012379929875076,0.5027921086173083,0.2857142857142857,0.14285714285714285,0.0,0.0,1.0,1.0,2.0,1.0
0.44691771022277543,0.5010105859925367,0.2857142857142857,0.14285714285714285,0.0,0.0,1.0,1.0,2.0,1.0
0.4149586565190207,0.5015924777231895,0.2857142857142857,0.14285714285714285,0.0,0.0,1.0,1.0,2.0,1.0
0.42283258555530273,0.5010746088583726,0.2857142857142857,0.14285714285714285,0.0,0.0,1.0,1.0,2.0,1.0
0.35786020318833217,0.5035548392858086,0.2857142857142857,0.14285714285714285,0.0,0.0,1.0,1.0,2.0,1.0
0.42474387602145924,0.5038117053619589,0.0,0.14285714285714285,0.0,0.0,0.0,1.0,0.0,1.0
0.45667831830170935,0.5082767835204924,0.0,0.14285714285714285,0.0,0.0,0.0,1.0,0.0,1.0
0.48724006815438914,0.5185995462648972,0.0,0.14285714285714285,0.0,0.0,0.0,1.0,0.0,1.0
0.63857906762204,0.5317698576631386,0.0,0.14285714285714285,1.0,0.0,0.0,1.0,0.0,1.0
0.6002733641681535,0.5436617189951616,0.14285714285714285,0.14285714285714285,0.0,0.0,1.0,1.0,1.0,1.0
0.5282260880669951,0.5533464963273352,0.14285714285714285,0.14285714285714285,0.0,0.0,1.0,1.0,1.0,1.0
0.5375599603320376,0.5609316307444019,0.14285714285714285,0.14285714285714285,0.0,0.0,1.0,1.0,1.0,1.0
0.508474236900661,0.5733839213085681,0.14285714285714285,0.14285714285714285,0.0,0.0,1.0,1.0,1.0,1.0
0.5447362522013959,0.5841347261212921,0.14285714285714285,0.14285714285714285,0.0,0.0,1.0,1.0,1.0,1.0
0.5195854891929761,0.6322691862942769,0.14285714285714285,0.14285714285714285,0.0,0.0,1.0,1.0,1.0,1.0
0.5071207837569456,0.640597229295018,0.14285714285714285,0.14285714285714285,0.0,0.0,1.0,1.0,1.0,1.0
0.5087711549822889,0.6471209678433815,0.14285714285714285,0.14285714285714285,0.0,0.0,1.0,1.0,1.0,1.0
0.5057326531647977,0.6572195058309487,0.14285714285714285,0.14285714285714285,0.0,0.0,1.0,1.0,1.0,1.0
0.5216530799732628,0.6653494952498176,0.14285714285714285,0.14285714285714285,0.0,0.0,1.0,1.0,1.0,1.0
0.5137379754678049,0.6774387214764751,0.14285714285714285,0.14285714285714285,0.0,0.0,1.0,1.0,1.0,1.0
0.5227217990001778,0.6862557820274682,0.14285714285714285,0.14285714285714285,0.0,0.0,1.0,1.0,1.0,1.0
0.5308116980342275,0.6947695692518013,0.14285714285714285,0.14285714285714285,0.0,0.0,1.0,1.0,1.0,1.0
0.5211931939661527,0.7280863784844698,0.14285714285714285,0.14285714285714285,0.0,0.0,1.0,1.0,1.0,1.0
0.512341004332308,0.7353326476989055,0.14285714285714285,0.14285714285714285,0.0,0.0,1.0,1.0,1.0,1.0
0.5301517837286736,0.7446765822168986,0.14285714285714285,0.14285714285714285,0.0,0.0,1.0,1.0,1.0,1.0
1.0,0.752993358649238,0.14285714285714285,0.14285714285714285,0.0,0.0,1.0,1.0,1.0,1.0
1.0,0.7587326289523888,0.14285714285714285,0.14285714285714285,0.0,0.0,1.0,1.0,1.0,1.0
1.0,0.7658097591406092,0.14285714285714285,0.14285714285714285,0.0,0.0,1.0,1.0,1.0,1.0
1.0,0.7758586210021619,0.14285714285714285,0.14285714285714285,0.0,0.0,1.0,1.0,1.0,1.0
1.0,0.782490128727348,0.14285714285714285,0.14285714285714285,0.0,0.0,1.0,1.0,1.0,1.0
1.0,0.7896345786613232,0.14285714285714285,0.14285714285714285,0.0,0.0,1.0,1.0,1.0,1.0
1.0,0.7964967685411973,0.14285714285714285,0.14285714285714285,0.0,0.0,1.0,1.0,1.0,1.0
1.0,0.8054060515436279,0.14285714285714285,0.14285714285714285,0.0,0.0,1.0,1.0,1.0,1.0
1.0,0.8127194811189093,0.14285714285714285,0.14285714285714285,0.0,0.0,1.0,1.0,1.0,1.0
1.0,0.8175155423701251,0.14285714285714285,0.14285714285714285,0.0,0.0,1.0,1.0,1.0,1.0
1.0,0.8253670898207982,0.14285714285714285,0.14285714285714285,0.0,0.0,1.0,1.0,1.0,1.0
1.0,0.8337553211368776,0.14285714285714285,0.14285714285714285,0.0,0.0,1.0,1.0,1.0,1.0
1.0,0.8404670630922816,0.14285714285714285,0.14285714285714285,0.0,0.0,1.0,1.0,1.0,1.0
1.0,0.8458981695436802,0.14285714285714285,0.14285714285714285,0.0,0.0,1.0,1.0,1.0,1.0
1.0,0.8524560500869054,0.14285714285714285,0.14285714285714285,0.0,0.0,1.0,1.0,1.0,1.0
1.0,0.8608810580496357,0.14285714285714285,0.14285714285714285,0.0,0.0,1.0,1.0,1.0,1.0
1.0,0.8655159971136546,0.14285714285714285,0.14285714285714285,0.0,0.0,1.0,1.0,1.0,1.0
1.0,0.8715364984467724,0.14285714285714285,0.14285714285714285,0.0,0.0,1.0,1.0,1.0,1.0
1.0,0.8795894981868158,0.14285714285714285,0.14285714285714285,0.0,0.0,1.0,1.0,1.0,1.0
1.0,0.8829404761342189,0.14285714285714285,0.14285714285714285,0.0,0.0,1.0,1.0,1.0,1.0
1.0,0.8900914756847305,0.14285714285714285,0.14285714285714285,0.0,0.0,1.0,1.0,1.0,1.0
1.0,0.895870034196819,0.14285714285714285,0.14285714285714285,0.0,0.0,1.0,1.0,1.0,1.0
1.0,0.901784089574173,0.14285714285714285,0.14285714285714285,0.0,0.0,1.0,1.0,1.0,1.0
1.0,0.9070447396460606,0.14285714285714285,0.14285714285714285,0.0,0.0,1.0,1.0,1.0,1.0
1.0,0.9105735530388412,0.14285714285714285,0.14285714285714285,0.0,0.0,1.0,1.0,1.0,1.0
1.0,0.9180178766955894,0.14285714285714285,0.14285714285714285,0.0,0.0,1.0,1.0,1.0,1.0
1.0,0.9211833172539569,0.14285714285714285,0.14285714285714285,0.0,0.0,1.0,1.0,1.0,1.0
1.0,0.9280298546859918,0.14285714285714285,0.14285714285714285,0.0,0.0,1.0,1.0,1.0,1.0
1.0,0.9307593419371588,0.14285714285714285,0.14285714285714285,0.0,0.0,1.0,1.0,1.0,1.0
1.0,0.9357034527484038,0.14285714285714285,0.14285714285714285,0.0,0.0,1.0,1.0,1.0,1.0
1.0,0.9409217508310618,0.14285714285714285,0.14285714285714285,0.0,0.0,1.0,1.0,1.0,1.0
1.0,0.9450022479945729,0.14285714285714285,0.14285714285714285,0.0,0.0,1.0,1.0,1.0,1.0
1.0,0.9468232515046113,0.14285714285714285,0.14285714285714285,0.0,0.0,1.0,1.0,1.0,1.0
1.0,0.9516331784165312,0.14285714285714285,0.14285714285714285,0.0,0.0,1.0,1.0,1.0,1.0
1.0,0.9537764587378706,0.14285714285714285,0.14285714285714285,0.0,0.0,1.0,1.0,1.0,1.0
1.0,0.9572853220586969,0.14285714285714285,0.14285714285714285,0.0,0.0,1.0,1.0,1.0,1.0
1.0,0.9602366462535152,0.14285714285714285,0.14285714285714285,0.0,0.0,1.0,1.0,1.0,1.0
1.0,0.9649340324834771,0.14285714285714285,0.14285714285714285,0.0,0.0,1.0,1.0,1.0,1.0
1.0,0.9668089353006555,0.14285714285714285,0.14285714285714285,0.0,0.0,1.0,1.0,1.0,1.0
1.0,0.9688521834042025,0.14285714285714285,0.14285714285714285,0.0,0.0,1.0,1.0,1.0,1.0
1.0,0.9715894925446145,0.14285714285714285,0.14285714285714285,0.0,0.0,1.0,1.0,1.0,1.0
1.0,0.9741800189258729,0.14285714285714285,0.14285714285714285,0.0,0.0,1.0,1.0,1.0,1.0
1.0,0.9765401523324316,0.14285714285714285,0.14285714285714285,0.0,0.0,1.0,1.0,1.0,1.0
1.0,0.9785837296119663,0.14285714285714285,0.14285714285714285,0.0,0.0,1.0,1.0,1.0,1.0
1.0,0.9799372594618192,0.14285714285714285,0.14285714285714285,0.0,0.0,1.0,1.0,1.0,1.0
1.0,0.9817189075212189,0.14285714285714285,0.14285714285714285,0.0,0.0,1.0,1.0,1.0,1.0
1.0,0.9836418989868436,0.14285714285714285,0.14285714285714285,0.0,0.0,1.0,1.0,1.0,1.0
1.0,0.9848466419799273,0.14285714285714285,0.14285714285714285,0.0,0.0,1.0,1.0,1.0,1.0
1.0,0.9866127514345988,0.14285714285714285,0.14285714285714285,0.0,0.0,1.0,1.0,1.0,1.0
1.0,0.9875645933969321,0.14285714285714285,0.14285714285714285,0.0,0.0,1.0,1.0,1.0,1.0
1.0,0.9886887674871805,0.14285714285714285,0.14285714285714285,0.0,0.0,1.0,1.0,1.0,1.0
1.0,0.9897345681582004,0.14285714285714285,0.14285714285714285,0.0,0.0,1.0,1.0,1.0,1.0
1.0,0.9908269391967159,0.14285714285714285,0.14285714285714285,0.0,0.0,1.0,1.0,1.0,1.0
1.0,0.991676135087705,0.14285714285714285,0.14285714285714285,0.0,0.0,1.0,1.0,1.0,1.0
1.0,0.9950208662902483,0.14285714285714285,0.14285714285714285,0.0,0.0,1.0,1.0,1.0,1.0
1.0,0.9902721125465032,0.14285714285714285,0.14285714285714285,0.0,0.0,1.0,1.0,1.0,1.0
1.0,0.9861814714815367,0.14285714285714285,0.14285714285714285,0.0,0.0,1.0,1.0,1.0,1.0
1.0,0.9818716555401515,0.14285714285714285,0.14285714285714285,0.0,0.0,1.0,1.0,1.0,1.0
1.0,0.9775484748203654,0.14285714285714285,0.14285714285714285,0.0,0.0,1.0,1.0,1.0,1.0
1.0,0.9735119047046012,0.14285714285714285,0.14285714285714285,0.0,0.0,1.0,1.0,1.0,1.0
1.0,0.9694211468572677,0.14285714285714285,0.14285714285714285,0.0,0.0,1.0,1.0,1.0,1.0
1.0,0.9655718128955758,0.14285714285714285,0.14285714285714285,0.0,0.0,1.0,1.0,1.0,1.0
1.0,0.9612178461715755,0.14285714285714285,0.14285714285714285,0.0,0.0,1.0,1.0,1.0,1.0
1.0,0.956285279299137,0.14285714285714285,0.14285714285714285,0.0,0.0,1.0,1.0,1.0,1.0
1.0,0.9522276466380983,0.14285714285714285,0.14285714285714285,0.0,0.0,1.0,1.0,1.0,1.0
1.0,0.9476360214588313,0.14285714285714285,0.14285714285714285,0.0,0.0,1.0,1.0,1.0,1.0
1.0,0.9443112710713583,0.14285714285714285,0.14285714285714285,0.0,0.0,1.0,1.0,1.0,1.0
1.0,0.9394539493659028,0.14285714285714285,0.14285714285714285,0.0,0.0,1.0,1.0,1.0,1.0
1.0,0.934818235692423,0.14285714285714285,0.14285714285714285,0.0,0.0,1.0,1.0,1.0,1.0
1.0,0.9318116359686653,0.14285714285714285,0.14285714285714285,0.0,0.0,1.0,1.0,1.0,1.0
1.0,0.927708580097156,0.14285714285714285,0.14285714285714285,0.0,0.0,1.0,1.0,1.0,1.0
1.0,0.9243855161328908,0.14285714285714285,0.14285714285714285,0.0,0.0,1.0,1.0,1.0,1.0
1.0,0.9200153027992073,0.14285714285714285,0.14285714285714285,0.0,0.0,1.0,1.0,1.0,1.0
1.0,0.9167639146484863,0.14285714285714285,0.2857142857142857,0.0,0.0,1.0,1.0,1.0,2.0
1.0,0.9127191497447652,0.14285714285714285,0.2857142857142857,0.0,0.0,1.0,1.0,1.0,2.0
1.0,0.9098070879483705,0.14285714285714285,0.2857142857142857,0.0,0.0,1.0,1.0,1.0,2.0
1.0,0.9064186120776562,0.14285714285714285,0.2857142857142857,0.0,0.0,1.0,1.0,1.0,2.0
1.0,0.9026124312116549,0.14285714285714285,0.2857142857142857,0.0,0.0,1.0,1.0,1.0,2.0
1.0,0.8975098454742522,0.14285714285714285,0.2857142857142857,0.0,0.0,1.0,1.0,1.0,2.0
1.0,0.8923574835897864,0.14285714285714285,0.2857142857142857,0.0,0.0,1.0,1.0,1.0,2.0
1.0,0.8897755219385277,0.14285714285714285,0.2857142857142857,0.0,0.0,1.0,1.0,1.0,2.0
1.0,0.8869200626226913,0.14285714285714285,0.2857142857142857,0.0,0.0,1.0,1.0,1.0,2.0
1.0,0.8823529274609424,0.14285714285714285,0.2857142857142857,0.0,0.0,1.0,1.0,1.0,2.0
1.0,0.8776126346306663,0.14285714285714285,0.2857142857142857,0.0,0.0,1.0,1.0,1.0,2.0
1.0,0.8746863613392928,0.14285714285714285,0.2857142857142857,0.0,0.0,1.0,1.0,1.0,2.0
1.0,0.8702946828345315,0.14285714285714285,0.2857142857142857,0.0,0.0,1.0,1.0,1.0,2.0
1.0,0.866613208327735,0.14285714285714285,0.2857142857142857,0.0,0.0,1.0,1.0,1.0,2.0
1.0,0.8624060099590052,0.14285714285714285,0.2857142857142857,0.0,0.0,1.0,1.0,1.0,2.0
1.0,0.8577656547890457,0.14285714285714285,0.2857142857142857,0.0,0.0,1.0,1.0,1.0,2.0
1.0,0.8550562800905067,0.14285714285714285,0.2857142857142857,0.0,0.0,1.0,1.0,1.0,2.0
1.0,0.8508958163153834,0.14285714285714285,0.2857142857142857,0.0,0.0,1.0,1.0,1.0,2.0
1.0,0.846195784666412,0.14285714285714285,0.2857142857142857,0.0,0.0,1.0,1.0,1.0,2.0
1.0,0.8423583449955658,0.14285714285714285,0.2857142857142857,0.0,0.0,1.0,1.0,1.0,2.0
1.0,0.8383969442201358,0.14285714285714285,0.2857142857142857,0.0,0.0,1.0,1.0,1.0,2.0
1.0,0.8337297950487071,0.14285714285714285,0.2857142857142857,0.0,0.0,1.0,1.0,1.0,2.0
1.0,0.8297731047168644,0.14285714285714285,0.2857142857142857,0.0,0.0,1.0,1.0,1.0,2.0
1.0,0.8254121428676547,0.14285714285714285,0.2857142857142857,0.0,0.0,1.0,1.0,1.0,2.0
1.0,0.8224656552142129,0.14285714285714285,0.2857142857142857,0.0,0.0,1.0,1.0,1.0,2.0
1.0,0.818148666580237,0.14285714285714285,0.2857142857142857,0.0,0.0,1.0,1.0,1.0,2.0
1.0,0.813779984169121,0.14285714285714285,0.2857142857142857,0.0,0.0,1.0,1.0,1.0,2.0
1.0,0.8100831213885072,0.14285714285714285,0.2857142857142857,0.0,0.0,1.0,1.0,1.0,2.0
1.0,0.8055728804908981,0.14285714285714285,0.2857142857142857,0.0,0.0,1.0,1.0,1.0,2.0
1.0,0.8018065236300712,0.14285714285714285,0.2857142857142857,0.0,0.0,1.0,1.0,1.0,2.0
1.0,0.7984900768803295,0.14285714285714285,0.2857142857142857,0.0,0.0,1.0,1.0,1.0,2.0
1.0,0.7955597264433436,0.14285714285714285,0.2857142857142857,0.0,0.0,1.0,1.0,1.0,2.0
1.0,0.790538879984194,0.14285714285714285,0.2857142857142857,0.0,0.0,1.0,1.0,1.0,2.0
1.0,0.7878682512896816,0.14285714285714285,0.2857142857142857,0.0,0.0,1.0,1.0,1.0,2.0
1.0,0.7831369757723667,0.14285714285714285,0.2857142857142857,0.0,0.0,1.0,1.0,1.0,2.0
1.0,0.7801427127502615,0.14285714285714285,0.2857142857142857,0.0,0.0,1.0,1.0,1.0,2.0
1.0,0.7760471852264018,0.14285714285714285,0.2857142857142857,0.0,0.0,1.0,1.0,1.0,2.0
1.0,0.7718987130195726,0.14285714285714285,0.2857142857142857,0.0,0.0,1.0,1.0,1.0,2.0
1.0,0.7688901909649181,0.14285714285714285,0.2857142857142857,0.0,0.0,1.0,1.0,1.0,2.0
1.0,0.7649849960822084,0.14285714285714285,0.2857142857142857,0.0,0.0,1.0,1.0,1.0,2.0
1.0,0.7623295327436547,0.14285714285714285,0.2857142857142857,0.0,0.0,1.0,1.0,1.0,2.0
1.0,0.7581361917333216,0.14285714285714285,0.2857142857142857,0.0,0.0,1.0,1.0,1.0,2.0
1.0,0.7549963497151314,0.14285714285714285,0.2857142857142857,0.0,0.0,1.0,1.0,1.0,2.0
1.0,0.7508753093387185,0.14285714285714285,0.2857142857142857,0.0,0.0,1.0,1.0,1.0,2.0
1.0,0.7481581257316482,0.14285714285714285,0.2857142857142857,0.0,0.0,1.0,1.0,1.0,2.0
1.0,0.7445214836001037,0.14285714285714285,0.2857142857142857,0.0,0.0,1.0,1.0,1.0,2.0
1.0,0.7415306226158944,0.14285714285714285,0.2857142857142857,0.0,0.0,1.0,1.0,1.0,2.0
1.0,0.736685059492614,0.14285714285714285,0.2857142857142857,0.0,0.0,1.0,1.0,1.0,2.0
1.0,0.7319788404592176,0.14285714285714285,0.2857142857142857,0.0,0.0,1.0,1.0,1.0,2.0
1.0,0.7290321335269173,0.14285714285714285,0.2857142857142857,0.0,0.0,1.0,1.0,1.0,2.0
1.0,0.7256013364529004,0.14285714285714285,0.2857142857142857,0.0,0.0,1.0,1.0,1.0,2.0
1.0,0.7221463018784137,0.14285714285714285,0.2857142857142857,0.0,0.0,1.0,1.0,1.0,2.0
1.0,0.718115705477512,0.14285714285714285,0.2857142857142857,0.0,0.0,1.0,1.0,1.0,2.0
1.0,0.7138668123841502,0.14285714285714285,0.2857142857142857,0.0,0.0,1.0,1.0,1.0,2.0
1.0,0.7093783501115262,0.14285714285714285,0.2857142857142857,0.0,0.0,1.0,1.0,1.0,2.0
1.0,0.7055078337411143,0.14285714285714285,0.2857142857142857,0.0,0.0,1.0,1.0,1.0,2.0
1.0,0.7009610422223705,0.14285714285714285,0.2857142857142857,0.0,0.0,1.0,1.0,1.0,2.0
1.0,0.6976104086629485,0.14285714285714285,0.2857142857142857,0.0,0.0,1.0,1.0,1.0,2.0
1.0,0.6929473857754213,0.14285714285714285,0.2857142857142857,0.0,0.0,1.0,1.0,1.0,2.0
1.0,0.6878250630956169,0.14285714285714285,0.2857142857142857,0.0,0.0,1.0,1.0,1.0,2.0
1.0,0.6829836065734578,0.14285714285714285,0.2857142857142857,0.0,0.0,1.0,1.0,1.0,2.0
1.0,0.6784593909094222,0.14285714285714285,0.2857142857142857,0.0,0.0,1.0,1.0,1.0,2.0
1.0,0.6738072611245083,0.14285714285714285,0.2857142857142857,0.0,0.0,1.0,1.0,1.0,2.0
1.0,0.6710094484607122,0.14285714285714285,0.2857142857142857,0.0,0.0,1.0,1.0,1.0,2.0
1.0,0.6675303009828176,0.14285714285714285,0.2857142857142857,0.0,0.0,1.0,1.0,1.0,2.0
1.0,0.6667428871873565,0.14285714285714285,0.2857142857142857,0.0,0.0,1.0,1.0,1.0,2.0
1.0,0.6669584593663429,0.14285714285714285,0.2857142857142857,0.0,0.0,1.0,1.0,1.0,2.0
1.0,0.6675791280659142,0.14285714285714285,0.2857142857142857,0.0,0.0,1.0,1.0,1.0,2.0
1.0,0.6685255398687149,0.14285714285714285,0.2857142857142857,0.0,0.0,1.0,1.0,1.0,2.0
1.0,0.6669426392955811,0.14285714285714285,0.2857142857142857,0.0,0.0,1.0,1.0,1.0,2.0
1.0,0.6669803075864872,0.14285714285714285,0.2857142857142857,0.0,0.0,1.0,1.0,1.0,2.0
1.0,0.6681448773562569,0.14285714285714285,0.2857142857142857,0.0,0.0,1.0,1.0,1.0,2.0
1.0,0.6679875329462405,0.14285714285714285,0.2857142857142857,0.0,0.0,1.0,1.0,1.0,2.0
1.0,0.6687706312857308,0.14285714285714285,0.2857142857142857,0.0,0.0,1.0,1.0,1.0,2.0
1.0,0.6676156786084805,0.14285714285714285,0.2857142857142857,0.0,0.0,1.0,1.0,1.0,2.0
1.0,0.6690693609211092,0.14285714285714285,0.2857142857142857,0.0,0.0,1.0,1.0,1.0,2.0
1.0,0.6670694809971138,0.14285714285714285,0.2857142857142857,0.0,0.0,1.0,1.0,1.0,2.0
1.0,0.6677955070089744,0.14285714285714285,0.2857142857142857,0.0,0.0,1.0,1.0,1.0,2.0
1.0,0.6718229934991942,0.14285714285714285,0.2857142857142857,0.0,0.0,1.0,1.0,1.0,2.0
1.0,0.6790609550626604,0.14285714285714285,0.2857142857142857,0.0,0.0,1.0,1.0,1.0,2.0
1.0,0.6876233432728814,0.14285714285714285,0.2857142857142857,0.0,0.0,1.0,1.0,1.0,2.0
1.0,0.69495516650949,0.14285714285714285,0.2857142857142857,0.0,0.0,1.0,1.0,1.0,2.0
1.0,0.7001814372776928,0.14285714285714285,0.2857142857142857,0.0,0.0,1.0,1.0,1.0,2.0
1.0,0.7073914216413417,0.14285714285714285,0.2857142857142857,0.0,0.0,1.0,1.0,1.0,2.0
1.0,0.7162452781636263,0.14285714285714285,0.2857142857142857,0.0,0.0,1.0,1.0,1.0,2.0
1.0,0.7224214998226918,0.14285714285714285,0.2857142857142857,0.0,0.0,1.0,1.0,1.0,2.0
1.0,0.7281493965910141,0.14285714285714285,0.2857142857142857,0.0,0.0,1.0,1.0,1.0,2.0
1.0,0.7364470780933453,0.14285714285714285,0.2857142857142857,0.0,0.0,1.0,1.0,1.0,2.0
1.0,0.7436266094280892,0.14285714285714285,0.2857142857142857,0.0,0.0,1.0,1.0,1.0,2.0
1.0,0.7496447633603686,0.14285714285714285,0.2857142857142857,0.0,0.0,1.0,1.0,1.0,2.0
1.0,0.7573391528367477,0.14285714285714285,0.2857142857142857,0.0,0.0,1.0,1.0,1.0,2.0
1.0,0.76405745262731,0.14285714285714285,0.2857142857142857,0.0,0.0,1.0,1.0,1.0,2.0
1.0,0.7706646289849628,0.14285714285714285,0.2857142857142857,0.0,0.0,1.0,1.0,1.0,2.0
1.0,0.7774968002760664,0.14285714285714285,0.2857142857142857,0.0,0.0,1.0,1.0,1.0,2.0
1.0,0.8019708068051354,0.14285714285714285,0.2857142857142857,0.0,0.0,1.0,1.0,1.0,2.0
1.0,0.8093676534282732,0.14285714285714285,0.2857142857142857,0.0,0.0,1.0,1.0,1.0,2.0
1.0,0.8135045819404431,0.14285714285714285,0.2857142857142857,0.0,0.0,1.0,1.0,1.0,2.0
1.0,0.8198570678502769,0.14285714285714285,0.2857142857142857,0.0,0.0,1.0,1.0,1.0,2.0
1.0,0.8262499652546689,0.14285714285714285,0.2857142857142857,0.0,0.0,1.0,1.0,1.0,2.0
1.0,0.8311952624538539,0.14285714285714285,0.2857142857142857,0.0,0.0,1.0,1.0,1.0,2.0
1.0,0.8368555170992256,0.14285714285714285,0.2857142857142857,0.0,0.0,1.0,1.0,1.0,2.0
1.0,0.8434521320056332,0.14285714285714285,0.2857142857142857,0.0,0.0,1.0,1.0,1.0,2.0
1.0,0.8610203513184033,0.14285714285714285,0.2857142857142857,0.0,0.0,1.0,1.0,1.0,2.0
1.0,0.8670946265076092,0.14285714285714285,0.2857142857142857,0.0,0.0,1.0,1.0,1.0,2.0
1.0,0.8719954570701675,0.14285714285714285,0.2857142857142857,0.0,0.0,1.0,1.0,1.0,2.0
1.0,0.876408089680357,0.14285714285714285,0.2857142857142857,0.0,0.0,1.0,1.0,1.0,2.0
1.0,0.8798905555965723,0.14285714285714285,0.2857142857142857,0.0,0.0,1.0,1.0,1.0,2.0
1.0,0.8859507382323205,0.14285714285714285,0.2857142857142857,0.0,0.0,1.0,1.0,1.0,2.0
1.0,0.8892763965854352,0.14285714285714285,0.2857142857142857,0.0,0.0,1.0,1.0,1.0,2.0
1.0,0.8942874328679974,0.14285714285714285,0.2857142857142857,0.0,0.0,1.0,1.0,1.0,2.0
1.0,0.8988391198535398,0.14285714285714285,0.2857142857142857,0.0,0.0,1.0,1.0,1.0,2.0
1.0,0.9042875675972932,0.14285714285714285,0.2857142857142857,0.0,0.0,1.0,1.0,1.0,2.0
1.0,0.9083901809493048,0.14285714285714285,0.2857142857142857,0.0,0.0,1.0,1.0,1.0,2.0
1.0,0.911353846393518,0.14285714285714285,0.2857142857142857,0.0,0.0,1.0,1.0,1.0,2.0
1.0,0.9157099892553063,0.14285714285714285,0.2857142857142857,0.0,0.0,1.0,1.0,1.0,2.0
1.0,0.9197441990162606,0.14285714285714285,0.2857142857142857,0.0,0.0,1.0,1.0,1.0,2.0
1.0,0.9252375466491056,0.14285714285714285,0.2857142857142857,0.0,0.0,1.0,1.0,1.0,2.0
1.0,0.9280175230044666,0.14285714285714285,0.2857142857142857,0.0,0.0,1.0,1.0,1.0,2.0
1.0,0.9321235524997104,0.14285714285714285,0.2857142857142857,0.0,0.0,1.0,1.0,1.0,2.0
1.0,0.9366720066253137,0.14285714285714285,0.2857142857142857,0.0,0.0,1.0,1.0,1.0,2.0
1.0,0.9387783654652085,0.14285714285714285,0.2857142857142857,0.0,0.0,1.0,1.0,1.0,2.0
1.0,0.9421922993117597,0.14285714285714285,0.2857142857142857,0.0,0.0,1.0,1.0,1.0,2.0
1.0,0.9461520318170914,0.14285714285714285,0.2857142857142857,0.0,0.0,1.0,1.0,1.0,2.0
1.0,0.948638045266449,0.14285714285714285,0.2857142857142857,0.0,0.0,1.0,1.0,1.0,2.0
1.0,0.9536784000533113,0.14285714285714285,0.2857142857142857,0.0,0.0,1.0,1.0,1.0,2.0
1.0,0.9564862225290677,0.14285714285714285,0.2857142857142857,0.0,0.0,1.0,1.0,1.0,2.0
1.0,0.9587999264455652,0.14285714285714285,0.2857142857142857,0.0,0.0,1.0,1.0,1.0,2.0
1.0,0.9612595598893693,0.14285714285714285,0.2857142857142857,0.0,0.0,1.0,1.0,1.0,2.0
1.0,0.962815327699268,0.14285714285714285,0.2857142857142857,0.0,0.0,1.0,1.0,1.0,2.0
1.0,0.9661034968145804,0.14285714285714285,0.2857142857142857,0.0,0.0,1.0,1.0,1.0,2.0
1.0,0.9690242634373106,0.14285714285714285,0.2857142857142857,0.0,0.0,1.0,1.0,1.0,2.0
1.0,0.9714157404809859,0.14285714285714285,0.2857142857142857,0.0,0.0,1.0,1.0,1.0,2.0
1.0,0.9726158811581254,0.14285714285714285,0.2857142857142857,0.0,0.0,1.0,1.0,1.0,2.0
1.0,0.9755851199273865,0.14285714285714285,0.2857142857142857,0.0,0.0,1.0,1.0,1.0,2.0
1.0,0.9774165030279666,0.14285714285714285,0.2857142857142857,0.0,0.0,1.0,1.0,1.0,2.0
1.0,0.9780797605160442,0.14285714285714285,0.2857142857142857,0.0,0.0,1.0,1.0,1.0,2.0
1.0,0.9804742224148906,0.14285714285714285,0.2857142857142857,0.0,0.0,1.0,1.0,1.0,2.0
1.0,0.9822870340561942,0.14285714285714285,0.2857142857142857,0.0,0.0,1.0,1.0,1.0,2.0
1.0,0.9837068182944609,0.14285714285714285,0.2857142857142857,0.0,0.0,1.0,1.0,1.0,2.0
1.0,0.9849457294311629,0.14285714285714285,0.2857142857142857,0.0,0.0,1.0,1.0,1.0,2.0
1.0,0.9858053127435072,0.14285714285714285,0.2857142857142857,0.0,0.0,1.0,1.0,1.0,2.0
1.0,0.9872638519266008,0.14285714285714285,0.2857142857142857,0.0,0.0,1.0,1.0,1.0,2.0
1.0,0.9884678448757208,0.14285714285714285,0.2857142857142857,0.0,0.0,1.0,1.0,1.0,2.0
1.0,0.989316930048361,0.14285714285714285,0.2857142857142857,0.0,0.0,1.0,1.0,1.0,2.0
1.0,0.9903217980151279,0.14285714285714285,0.2857142857142857,0.0,0.0,1.0,1.0,1.0,2.0
1.0,0.9913430182874543,0.14285714285714285,0.2857142857142857,0.0,0.0,1.0,1.0,1.0,2.0
1.0,0.9920968096600583,0.14285714285714285,0.2857142857142857,0.0,0.0,1.0,1.0,1.0,2.0
1.0,0.9927711696543242,0.14285714285714285,0.2857142857142857,0.0,0.0,1.0,1.0,1.0,2.0
0.0,0.9935070020392095,0.0,0.2857142857142857,1.0,0.0,0.0,1.0,0.0,2.0
0.07366790278590596,0.9941804751754365,0.0,0.2857142857142857,0.0,0.0,0.0,1.0,0.0,2.0
0.08953566275614466,0.9945404885400321,0.0,0.2857142857142857,0.0,0.0,0.0,1.0,0.0,2.0
0.04345220795731897,0.9951071682932954,0.0,0.2857142857142857,0.0,0.0,0.0,1.0,0.0,2.0
0.019936140357969645,0.9956733035861266,0.0,0.2857142857142857,0.0,0.0,0.0,1.0,0.0,2.0
0.01038831769096571,0.9959821972475807,0.0,0.2857142857142857,0.0,0.0,0.0,1.0,0.0,2.0
0.033538084220288256,0.9963502160166805,0.0,0.2857142857142857,0.0,0.0,0.0,1.0,0.0,2.0
0.01684687437028476,0.9967476071086648,0.0,0.2857142857142857,0.0,0.0,0.0,1.0,0.0,2.0
0.008937917882066881,0.9971640283303254,0.0,0.2857142857142857,0.0,0.0,0.0,1.0,0.0,2.0
0.090741897403673,0.9974354868888248,0.0,0.2857142857142857,0.0,0.0,0.0,1.0,0.0,2.0
0.07297464123478992,0.997674432616368,0.0,0.2857142857142857,0.0,0.0,0.0,1.0,0.0,2.0
0.07951872616855427,0.9977945563292897,0.0,0.2857142857142857,0.0,0.0,0.0,1.0,0.0,2.0
0.03164294343484386,0.998048960208921,0.0,0.2857142857142857,0.0,0.0,0.0,1.0,0.0,2.0
0.05936835973910004,0.9986879975014088,0.0,0.2857142857142857,0.0,0.0,0.0,1.0,0.0,2.0
0.037453250733135324,0.9943190498700771,0.0,0.2857142857142857,0.0,0.0,0.0,1.0,0.0,2.0
0.06248593759383858,0.9900495135746639,0.0,0.2857142857142857,0.0,0.0,0.0,1.0,0.0,2.0
0.0708618427787725,0.9861939513808882,0.0,0.2857142857142857,0.0,0.0,0.0,1.0,0.0,2.0
0.05053446693724406,0.9818999204439477,0.0,0.2857142857142857,0.0,0.0,0.0,1.0,0.0,2.0
0.047998057656675974,0.9777627795308288,0.0,0.2857142857142857,0.0,0.0,0.0,1.0,0.0,2.0
0.016475418071130843,0.9735626810318883,0.0,0.2857142857142857,0.0,0.0,0.0,1.0,0.0,2.0
0.0,0.9705228821664755,0.0,0.2857142857142857,0.0,0.0,0.0,1.0,0.0,2.0
,0.9665594667670923,,0.2857142857142857,,0.0,,1.0,,2.0
,0.9635428457261747,,0.2857142857142857,,0.0,,1.0,,2.0
,0.9608507806547727,,0.2857142857142857,,0.0,,1.0,,2.0
,0.9577939783281156,,0.2857142857142857,,0.0,,1.0,,2.0
,0.9536135345563446,,0.2857142857142857,,0.0,,1.0,,2.0
,0.9497419383473618,,0.2857142857142857,,0.0,,1.0,,2.0
,0.9463137679607769,,0.2857142857142857,,0.0,,1.0,,2.0
,0.9423299642680776,,0.2857142857142857,,0.0,,1.0,,2.0
,0.9384399273993117,,0.2857142857142857,,0.0,,1.0,,2.0
,0.9358270065647325,,0.2857142857142857,,0.0,,1.0,,2.0
,0.9324101418420279,,0.2857142857142857,,0.0,,1.0,,2.0
,0.9282723988981227,,0.2857142857142857,,0.0,,1.0,,2.0
,0.9245933747460753,,0.2857142857142857,,0.0,,1.0,,2.0
,0.9203787691848967,,0.2857142857142857,,0.0,,1.0,,2.0
,0.9173145461865487,,0.2857142857142857,,0.0,,1.0,,2.0
,0.9148004490541132,,0.2857142857142857,,0.0,,1.0,,2.0
,0.9123467328271329,,0.2857142857142857,,0.0,,1.0,,2.0
,0.9093305097666826,,0.2857142857142857,,0.0,,1.0,,2.0
,0.906604358832203,,0.2857142857142857,,0.0,,1.0,,2.0
,0.9032346253093637,,0.2857142857142857,,0.0,,1.0,,2.0
,0.9004676316048605,,0.2857142857142857,,0.0,,1.0,,2.0
,0.8966257186111252,,0.2857142857142857,,0.0,,1.0,,2.0
,0.8940091018360069,,0.2857142857142857,,0.0,,1.0,,2.0
,0.8914741803103938,,0.2857142857142857,,0.0,,1.0,,2.0
,0.8885236696911645,,0.2857142857142857,,0.0,,1.0,,2.0
,0.8850307342371835,,0.2857142857142857,,0.0,,1.0,,2.0
,0.8813721670879957,,0.2857142857142857,,0.0,,1.0,,2.0
,0.8791269076673889,,0.2857142857142857,,0.0,,1.0,,2.0
,0.8761020604609805,,0.2857142857142857,,0.0,,1.0,,2.0
,0.8738653590178089,,0.2857142857142857,,0.0,,1.0,,2.0
,0.869785507872959,,0.2857142857142857,,0.0,,1.0,,2.0
,0.8669899379971202,,0.2857142857142857,,0.0,,1.0,,2.0
,0.864448720517682,,0.2857142857142857,,0.0,,1.0,,2.0
,0.8602526006361775,,0.2857142857142857,,0.0,,1.0,,2.0
,0.8569239280330903,,0.2857142857142857,,0.0,,1.0,,2.0
,0.8535233365598294,,0.2857142857142857,,0.0,,1.0,,2.0
,0.8494716059787636,,0.2857142857142857,,0.0,,1.0,,2.0
,0.8461725739689965,,0.2857142857142857,,0.0,,1.0,,2.0
,0.8432522970600349,,0.2857142857142857,,0.0,,1.0,,2.0
,0.8401382319841498,,0.2857142857142857,,0.0,,1.0,,2.0
,0.8373771544944649,,0.2857142857142857,,0.0,,1.0,,2.0
,0.8346161817075431,,0.2857142857142857,,0.0,,1.0,,2.0
,0.8310518281751954,,0.2857142857142857,,0.0,,1.0,,2.0
,0.827864213761544,,0.2857142857142857,,0.0,,1.0,,2.0
,0.823893912166134,,0.2857142857142857,,0.0,,1.0,,2.0
,0.8199654266872766,,0.2857142857142857,,0.0,,1.0,,2.0
,0.8167009560693507,,0.2857142857142857,,0.0,,1.0,,2.0
,0.8124745800457958,,0.2857142857142857,,0.0,,1.0,,2.0
,0.809088608322713,,0.2857142857142857,,0.0,,1.0,,2.0
,0.8046218086920464,,0.2857142857142857,,0.0,,1.0,,2.0
,0.8004935053188862,,0.2857142857142857,,0.0,,1.0,,2.0
,0.7973912473444718,,0.2857142857142857,,0.0,,1.0,,2.0
,0.8350510287194937,,0.2857142857142857,,0.0,,1.0,,2.0
,0.8270682359219196,,0.2857142857142857,,0.0,,1.0,,2.0
,0.8185542039620433,,0.2857142857142857,,0.0,,1.0,,2.0
,0.8106907835289416,,0.2857142857142857,,0.0,,1.0,,2.0
,0.8028444451600102,,0.2857142857142857,,0.0,,1.0,,2.0
,0.7947482870653457,,0.2857142857142857,,0.0,,1.0,,2.0
,0.7871983294516214,,0.2857142857142857,,0.0,,1.0,,2.0
,0.778452227889385,,0.2857142857142857,,0.0,,1.0,,2.0
,0.7708905440046603,,0.2857142857142857,,0.0,,1.0,,2.0
,0.7634131181537145,,0.2857142857142857,,0.0,,1.0,,2.0
,0.7562110002317267,,0.2857142857142857,,0.0,,1.0,,2.0
,0.7482998611505725,,0.2857142857142857,,0.0,,1.0,,2.0
,0.7430920138222069,,0.2857142857142857,,0.0,,1.0,,2.0
,0.7364123847726527,,0.2857142857142857,,0.0,,1.0,,2.0
,0.7303375068810409,,0.2857142857142857,,0.0,,1.0,,2.0
,0.7229821024479529,,0.2857142857142857,,0.0,,1.0,,2.0
,0.7171200521921055,,0.2857142857142857,,0.0,,1.0,,2.0
,0.7138453496242319,,0.2857142857142857,,0.0,,1.0,,2.0
,0.709195792627004,,0.2857142857142857,,0.0,,1.0,,2.0
,0.7015067701224493,,0.2857142857142857,,0.0,,1.0,,2.0
,0.6977786327562983,,0.2857142857142857,,0.0,,1.0,,2.0
,0.6914335005755649,,0.2857142857142857,,0.0,,1.0,,2.0
,0.688572158928964,,0.2857142857142857,,0.0,,1.0,,2.0
,0.6824245314151961,,0.2857142857142857,,0.0,,1.0,,2.0
,0.6778838793037327,,0.2857142857142857,,0.0,,1.0,,2.0
,0.6729583572853215,,0.2857142857142857,,0.0,,1.0,,2.0
,0.668321050887001,,0.2857142857142857,,0.0,,1.0,,2.0
,0.664968586641897,,0.2857142857142857,,0.0,,1.0,,2.0
,0.6610846161776579,,0.2857142857142857,,0.0,,1.0,,2.0
,0.6558755409854538,,0.2857142857142857,,0.0,,1.0,,2.0
,0.6528400470484927,,0.2857142857142857,,0.0,,1.0,,2.0
,0.6457558230728105,,0.2857142857142857,,0.0,,1.0,,2.0
,0.640230616167082,,0.2857142857142857,,0.0,,1.0,,2.0
,0.6366470426122268,,0.2857142857142857,,0.0,,1.0,,2.0
,0.6306144326330452,,0.2857142857142857,,0.0,,1.0,,2.0
,0.6259858496564275,,0.2857142857142857,,0.0,,1.0,,2.0
,0.6217058573113406,,0.2857142857142857,,0.0,,1.0,,2.0
,0.6160930889920884,,0.2857142857142857,,0.0,,1.0,,2.0
,0.6130073520669022,,0.2857142857142857,,0.0,,1.0,,2.0
,0.6088156437783486,,0.2857142857142857,,0.0,,1.0,,2.0
,0.6024991284632434,,0.2857142857142857,,0.0,,1.0,,2.0
,0.6010890765179722,,0.2857142857142857,,0.0,,1.0,,2.0
,0.6030949883465241,,0.2857142857142857,,0.0,,1.0,,2.0
,0.6096265370593915,,0.2857142857142857,,0.0,,1.0,,2.0
,0.6147116600529006,,0.2857142857142857,,0.0,,1.0,,2.0
,0.620304576054404,,0.2857142857142857,,0.0,,1.0,,2.0
,0.6229875958054748,,0.2857142857142857,,0.0,,1.0,,2.0
,0.6278382523832711,,0.2857142857142857,,0.0,,1.0,,2.0
,0.6316661887589323,,0.2857142857142857,,0.0,,1.0,,2.0
,0.6385987555043033,,0.2857142857142857,,0.0,,1.0,,2.0
,0.6417381833304621,,0.2857142857142857,,0.0,,1.0,,2.0
,0.6473250779066415,,0.2857142857142857,,0.0,,1.0,,2.0
,0.6490997446831097,,0.2857142857142857,,0.0,,1.0,,2.0
,0.6565172792233683,,0.2857142857142857,,0.0,,1.0,,2.0
,0.6589863783121017,,0.2857142857142857,,0.0,,1.0,,2.0
,0.6646951075562425,,0.2857142857142857,,0.0,,1.0,,2.0
,0.6677857510900272,,0.2857142857142857,,0.0,,1.0,,2.0
,0.6729154013901908,,0.2857142857142857,,0.0,,1.0,,2.0
,0.677706329039275,,0.2857142857142857,,0.0,,1.0,,2.0
,0.6926454430401819,,0.2857142857142857,,0.0,,1.0,,2.0
,0.6954860646361772,,0.2857142857142857,,0.0,,1.0,,2.0
,0.7004153089761129,,0.2857142857142857,,0.0,,1.0,,2.0
,0.7049689870894643,,0.2857142857142857,,0.0,,1.0,,2.0
,0.7055541956934233,,0.2857142857142857,,0.0,,1.0,,2.0
,0.7103950373988382,,0.2857142857142857,,0.0,,1.0,,2.0
,0.7153092725065056,,0.2857142857142857,,0.0,,1.0,,2.0
,0.7183080158251822,,0.2857142857142857,,0.0,,1.0,,2.0
,0.7225343142356186,,0.2857142857142857,,0.0,,1.0,,2.0
,0.724010504690445,,0.2857142857142857,,0.0,,1.0,,2.0
,0.7269966567013891,,0.2857142857142857,,0.0,,1.0,,2.0
,0.7366876102276236,,0.2857142857142857,,0.0,,1.0,,2.0
,0.7388872876775745,,0.2857142857142857,,0.0,,1.0,,2.0
,0.7429511975385413,,0.2857142857142857,,0.0,,1.0,,2.0
,0.7477894119326425,,0.2857142857142857,,0.0,,1.0,,2.0
,0.7486319464560751,,0.2857142857142857,,0.0,,1.0,,2.0
,0.7502452787747333,,0.2857142857142857,,0.0,,1.0,,2.0
,0.7554182580779043,,0.2857142857142857,,0.0,,1.0,,2.0
,0.7566638798664836,,0.2857142857142857,,0.0,,1.0,,2.0
,0.7602488851076947,,0.2857142857142857,,0.0,,1.0,,2.0
,0.7621774012749739,,0.2857142857142857,,0.0,,1.0,,2.0
,0.7621139011636355,,0.2857142857142857,,0.0,,1.0,,2.0
,0.7671935780725955,,0.2857142857142857,,0.0,,1.0,,2.0
,0.7680714160284652,,0.2857142857142857,,0.0,,1.0,,2.0
,0.7702025052413816,,0.2857142857142857,,0.0,,1.0,,2.0
,0.7715396870938265,,0.2857142857142857,,0.0,,1.0,,2.0
,0.7749794344981081,,0.2857142857142857,,0.0,,1.0,,2.0
,0.7767951189905976,,0.2857142857142857,,0.0,,1.0,,2.0
,0.777965593835498,,0.2857142857142857,,0.0,,1.0,,2.0
,0.7787983933775303,,0.2857142857142857,,0.0,,1.0,,2.0
,0.7802227581087648,,0.2857142857142857,,0.0,,1.0,,2.0
,0.7807856579269485,,0.2857142857142857,,0.0,,1.0,,2.0
,0.7822126599049228,,0.2857142857142857,,0.0,,1.0,,2.0
,0.7841089333171685,,0.2857142857142857,,0.0,,1.0,,2.0
,0.7868354848957924,,0.2857142857142857,,0.0,,1.0,,2.0
,0.7868931079908261,,0.2857142857142857,,0.0,,1.0,,2.0
,0.78784667627349,,0.2857142857142857,,0.0,,1.0,,2.0
,0.7915871350544906,,0.2857142857142857,,0.0,,1.0,,2.0
,0.7913460572293738,,0.2857142857142857,,0.0,,1.0,,2.0
,0.7930070351040556,,0.2857142857142857,,0.0,,1.0,,2.0
,0.7915297047789634,,0.2857142857142857,,0.0,,1.0,,2.0
,0.8276608947476521,,0.2857142857142857,,0.0,,1.0,,2.0
,0.8245035885370321,,0.2857142857142857,,0.0,,1.0,,2.0
,0.8219031049521147,,0.2857142857142857,,0.0,,1.0,,2.0
,0.8199050696288849,,0.2857142857142857,,0.0,,1.0,,2.0
,0.8175748151681099,,0.2857142857142857,,0.0,,1.0,,2.0
,0.8137004157879119,,0.2857142857142857,,0.0,,1.0,,2.0
,0.8121706678733384,,0.2857142857142857,,0.0,,1.0,,2.0
,0.808438421561057,,0.2857142857142857,,0.0,,1.0,,2.0
,0.8067584857133413,,0.2857142857142857,,0.0,,1.0,,2.0
,0.8027928825787205,,0.2857142857142857,,0.0,,1.0,,2.0
,0.8000092351464966,,0.2857142857142857,,0.0,,1.0,,2.0
,0.7990195141778655,,0.2857142857142857,,0.0,,1.0,,2.0
,0.7969502333135318,,0.2857142857142857,,0.0,,1.0,,2.0
,0.7943778664717511,,0.2857142857142857,,0.0,,1.0,,2.0
,0.7952943126132603,,0.2857142857142857,,0.0,,1.0,,2.0
,0.79774519183632,,0.2857142857142857,,0.0,,1.0,,2.0
,0.7989995383526791,,0.2857142857142857,,0.0,,1.0,,2.0
,0.8013964872870538,,0.2857142857142857,,0.0,,1.0,,2.0
,0.8040660195817307,,0.2857142857142857,,0.0,,1.0,,2.0
,0.8066037844462391,,0.2857142857142857,,0.0,,1.0,,2.0
,0.8083357671833126,,0.2857142857142857,,0.0,,1.0,,2.0
,0.8105373030588437,,0.2857142857142857,,0.0,,1.0,,2.0
,0.812681658838185,,0.2857142857142857,,0.0,,1.0,,2.0
,0.8152279885473327,,0.2857142857142857,,0.0,,1.0,,2.0
,0.8178349391473739,,0.2857142857142857,,0.0,,1.0,,2.0
,0.8168130694112233,,0.2857142857142857,,0.0,,1.0,,2.0
,0.8204471293416007,,0.2857142857142857,,0.0,,1.0,,2.0
,0.8209249177225862,,0.2857142857142857,,0.0,,1.0,,2.0
,0.8313225380644119,,0.2857142857142857,,0.0,,1.0,,2.0
,0.8330422632471381,,0.2857142857142857,,0.0,,1.0,,2.0
,0.8336184345276845,,0.2857142857142857,,0.0,,1.0,,2.0
,0.8353376359060333,,0.2857142857142857,,0.0,,1.0,,2.0
,0.8367223660046504,,0.2857142857142857,,0.0,,1.0,,2.0
,0.8375182473924703,,0.2857142857142857,,0.0,,1.0,,2.0
,0.8400893748152738,,0.2857142857142857,,0.0,,1.0,,2.0
,0.8396703292457252,,0.2857142857142857,,0.0,,1.0,,2.0
,0.8409182603859264,,0.2857142857142857,,0.0,,1.0,,2.0
,0.8408821715519572,,0.2857142857142857,,0.0,,1.0,,2.0
,0.8424108906020166,,0.2857142857142857,,0.0,,1.0,,2.0
,0.8439620832460899,,0.2857142857142857,,0.0,,1.0,,2.0
,0.8430574606764009,,0.2857142857142857,,0.0,,1.0,,2.0
,0.8431726802421773,,0.2857142857142857,,0.0,,1.0,,2.0
,0.8446399809966451,,0.2857142857142857,,0.0,,1.0,,2.0
,0.8442905818399843,,0.2857142857142857,,0.0,,1.0,,2.0
,0.8438076075237267,,0.2857142857142857,,0.0,,1.0,,2.0
,0.8436453996739087,,0.2857142857142857,,0.0,,1.0,,2.0
,0.8444024406086535,,0.2857142857142857,,0.0,,1.0,,2.0
,0.8442290139943444,,0.2857142857142857,,0.0,,1.0,,2.0
,0.8439887920287893,,0.2857142857142857,,0.0,,1.0,,2.0
,0.843459294826325,,0.2857142857142857,,0.0,,1.0,,2.0
,0.8422234171528338,,0.2857142857142857,,0.0,,1.0,,2.0
,0.8432486738941231,,0.2857142857142857,,0.0,,1.0,,2.0
,0.841793554125475,,0.2857142857142857,,0.0,,1.0,,2.0
,0.8404105994255969,,0.2857142857142857,,0.0,,1.0,,2.0
,0.83824826938846,,0.2857142857142857,,0.0,,1.0,,2.0
,0.8367695701503765,,0.2857142857142857,,0.0,,1.0,,2.0
,0.8352039576074479,,0.2857142857142857,,0.0,,1.0,,2.0
,0.8333864842105129,,0.2857142857142857,,0.0,,1.0,,2.0
,0.8322353003264421,,0.2857142857142857,,0.0,,1.0,,2.0
,0.8298877675174632,,0.2857142857142857,,0.0,,1.0,,2.0
,0.827699961464266,,0.2857142857142857,,0.0,,1.0,,2.0
,0.8261376638653236,,0.2857142857142857,,0.0,,1.0,,2.0
,0.8264611600385209,,0.2857142857142857,,0.0,,1.0,,2.0
,0.8280244907854276,,0.2857142857142857,,0.0,,1.0,,2.0
,0.8286791483818826,,0.2857142857142857,,0.0,,1.0,,2.0
,0.8293434124473178,,0.2857142857142857,,0.0,,1.0,,2.0
,0.8295699978485643,,0.2857142857142857,,0.0,,1.0,,2.0
,0.8302421338498266,,0.2857142857142857,,0.0,,1.0,,2.0
,0.830524979613848,,0.2857142857142857,,0.0,,1.0,,2.0
,0.8313081850184245,,0.2857142857142857,,0.0,,1.0,,2.0
,0.8301550125078103,,0.2857142857142857,,0.0,,1.0,,2.0
,0.8310996401782242,,0.2857142857142857,,0.0,,1.0,,2.0
,0.8319723690573344,,0.2857142857142857,,0.0,,1.0,,2.0
,0.8315183729727221,,0.2857142857142857,,0.0,,1.0,,2.0
,0.8318290729142676,,0.2857142857142857,,0.0,,1.0,,2.0
,0.832873467926242,,0.2857142857142857,,0.0,,1.0,,2.0
,0.831777654815231,,0.2857142857142857,,0.0,,1.0,,2.0
,0.8328603433556893,,0.2857142857142857,,0.0,,1.0,,2.0
,0.832179619599474,,0.2857142857142857,,0.0,,1.0,,2.0
,0.8335448892463275,,0.2857142857142857,,0.0,,1.0,,2.0
,0.8336055617015607,,0.2857142857142857,,0.0,,1.0,,2.0
,0.8324808420704106,,0.2857142857142857,,0.0,,1.0,,2.0
,0.8334732565824976,,0.2857142857142857,,0.0,,1.0,,2.0
,0.8328732587197311,,0.2857142857142857,,0.0,,1.0,,2.0
,0.8331346308381923,,0.2857142857142857,,0.0,,1.0,,2.0
,0.8339447500284991,,0.2857142857142857,,0.0,,1.0,,2.0
,0.8338488343175,,0.2857142857142857,,0.0,,1.0,,2.0
,0.8335555733079049,,0.2857142857142857,,0.0,,1.0,,2.0
,0.8333381642159368,,0.2857142857142857,,0.0,,1.0,,2.0
,0.8344289056992098,,0.2857142857142857,,0.0,,1.0,,2.0
,0.833153705209939,,0.2857142857142857,,0.0,,1.0,,2.0
,0.8342070971199527,,0.2857142857142857,,0.0,,1.0,,2.0
,0.8339816343281551,,0.2857142857142857,,0.0,,1.0,,2.0
,0.8337533703918555,,0.2857142857142857,,0.0,,1.0,,2.0
,0.8336051914764399,,0.2857142857142857,,0.0,,1.0,,2.0
,0.8347004912247882,,0.2857142857142857,,0.0,,1.0,,2.0
,0.8348244618841082,,0.2857142857142857,,0.0,,1.0,,2.0
,0.8338211343644041,,0.2857142857142857,,0.0,,1.0,,2.0
,0.8346595681205872,,0.2857142857142857,,0.0,,1.0,,2.0
,0.8345048008965982,,0.2857142857142857,,0.0,,1.0,,2.0
,0.8573984935585192,,0.2857142857142857,,0.0,,1.0,,2.0
,0.8550893822188372,,0.2857142857142857,,0.0,,1.0,,2.0
,0.8529395507263668,,0.2857142857142857,,0.0,,1.0,,2.0
,0.8496679384193088,,0.2857142857142857,,0.0,,1.0,,2.0
,0.8477762059202548,,0.2857142857142857,,0.0,,1.0,,2.0
,0.8475954510694701,,0.2857142857142857,,0.0,,1.0,,2.0
,0.8493812297523939,,0.2857142857142857,,0.0,,1.0,,2.0
,0.8502261269638988,,0.2857142857142857,,0.0,,1.0,,2.0
,0.8524450639135884,,0.2857142857142857,,0.0,,1.0,,2.0
,0.8545635100730211,,0.2857142857142857,,0.0,,1.0,,2.0
,0.855550047588138,,0.2857142857142857,,0.0,,1.0,,2.0
,0.8574081231708993,,0.2857142857142857,,0.0,,1.0,,2.0
,0.8587852201181562,,0.2857142857142857,,0.0,,1.0,,2.0
,0.8598756345392301,,0.2857142857142857,,0.0,,1.0,,2.0
,0.8628975100826659,,0.2857142857142857,,0.0,,1.0,,2.0
,0.864224452890352,,0.2857142857142857,,0.0,,1.0,,2.0
,0.8649982597783437,,0.2857142857142857,,0.0,,1.0,,2.0
,0.8680480625050434,,0.2857142857142857,,0.0,,1.0,,2.0
,0.8690253310660585,,0.2857142857142857,,0.0,,1.0,,2.0
,0.8702292998878896,,0.2857142857142857,,0.0,,1.0,,2.0
,0.8727746733464095,,0.2857142857142857,,0.0,,1.0,,2.0
,0.8736009844265078,,0.2857142857142857,,0.0,,1.0,,2.0
,0.8752004013005398,,0.2857142857142857,,0.0,,1.0,,2.0
,0.8755869613361674,,0.2857142857142857,,0.0,,1.0,,2.0
,0.8768511917557374,,0.2857142857142857,,0.0,,1.0,,2.0
,0.8782647814642415,,0.2857142857142857,,0.0,,1.0,,2.0
,0.878374406147583,,0.2857142857142857,,0.0,,1.0,,2.0
,0.8803305865390006,,0.2857142857142857,,0.0,,1.0,,2.0
,0.8804383256384937,,0.2857142857142857,,0.0,,1.0,,2.0
,0.8818790889837366,,0.2857142857142857,,0.0,,1.0,,2.0
,0.8827370466001961,,0.2857142857142857,,0.0,,1.0,,2.0
,0.8836927443657029,,0.2857142857142857,,0.0,,1.0,,2.0
,0.884792815929088,,0.2857142857142857,,0.0,,1.0,,2.0
,0.8848764218300299,,0.2857142857142857,,0.0,,1.0,,2.0
,0.8907693280329122,,0.2857142857142857,,0.0,,1.0,,2.0
,0.8900840971508437,,0.2857142857142857,,0.0,,1.0,,2.0
,0.8893559589780681,,0.2857142857142857,,0.0,,1.0,,2.0
,0.8890648159988558,,0.2857142857142857,,0.0,,1.0,,2.0
,0.8899999240478591,,0.2857142857142857,,0.0,,1.0,,2.0
,0.8906009280577626,,0.2857142857142857,,0.0,,1.0,,2.0
,0.8907283037667272,,0.2857142857142857,,0.0,,1.0,,2.0
,0.8903247390032397,,0.2857142857142857,,0.0,,1.0,,2.0
,0.8890394635339552,,0.2857142857142857,,0.0,,1.0,,2.0
,0.8880617165169317,,0.2857142857142857,,0.0,,1.0,,2.0
,0.8877601488130742,,0.2857142857142857,,0.0,,1.0,,2.0
,0.8877891439404971,,0.2857142857142857,,0.0,,1.0,,2.0
,0.8872060758745877,,0.2857142857142857,,0.0,,1.0,,2.0
,0.8858244192044663,,0.2857142857142857,,0.0,,1.0,,2.0
,0.8853312116389667,,0.2857142857142857,,0.0,,1.0,,2.0
,0.8843619591447827,,0.2857142857142857,,0.0,,1.0,,2.0
,0.8832088824245016,,0.2857142857142857,,0.0,,1.0,,2.0
,0.8824769847368412,,0.2857142857142857,,0.0,,1.0,,2.0
,0.8817910251135412,,0.2857142857142857,,0.0,,1.0,,2.0
,0.8802629544483536,,0.2857142857142857,,0.0,,1.0,,2.0
,0.879531396943252,,0.2857142857142857,,0.0,,1.0,,2.0
,0.8792483189375415,,0.2857142857142857,,0.0,,1.0,,2.0
,0.8779462430650897,,0.2857142857142857,,0.0,,1.0,,2.0
,0.8758936734034658,,0.2857142857142857,,0.0,,1.0,,2.0
,0.8753249625759574,,0.2857142857142857,,0.0,,1.0,,2.0
,0.8742940345245289,,0.2857142857142857,,0.0,,1.0,,2.0
,0.8732800900925236,,0.2857142857142857,,0.0,,1.0,,2.0
,0.8719972364133145,,0.2857142857142857,,0.0,,1.0,,2.0
,0.8710668352995059,,0.2857142857142857,,0.0,,1.0,,2.0
,0.8700270801096265,,0.2857142857142857,,0.0,,1.0,,2.0
,0.8682149264813297,,0.2857142857142857,,0.0,,1.0,,2.0
,0.8664877437502986,,0.2857142857142857,,0.0,,1.0,,2.0
,0.8650976363503082,,0.2857142857142857,,0.0,,1.0,,2.0
,0.8636756129117652,,0.2857142857142857,,0.0,,1.0,,2.0
,0.862282976297605,,0.2857142857142857,,0.0,,1.0,,2.0
,0.8600790030005415,,0.2857142857142857,,0.0,,1.0,,2.0
,0.858175220302935,,0.2857142857142857,,0.0,,1.0,,2.0
,0.8565323113569844,,0.2857142857142857,,0.0,,1.0,,2.0
,0.8563103523678354,,0.2857142857142857,,0.0,,1.0,,2.0
,0.8568829554742148,,0.2857142857142857,,0.0,,1.0,,2.0
,0.8562923370048373,,0.2857142857142857,,0.0,,1.0,,2.0
,0.8570272611944426,,0.2857142857142857,,0.0,,1.0,,2.0
,0.8565860059416487,,0.2857142857142857,,0.0,,1.0,,2.0
,0.8563978739967028,,0.2857142857142857,,0.0,,1.0,,2.0
,0.8570038383672103,,0.2857142857142857,,0.0,,1.0,,2.0
,0.8570865844341112,,0.2857142857142857,,0.0,,1.0,,2.0
,0.8575300623568551,,0.2857142857142857,,0.0,,1.0,,2.0
,0.857332635253458,,0.2857142857142857,,0.0,,1.0,,2.0
,0.857521682278098,,0.2857142857142857,,0.0,,1.0,,2.0
,0.8569923421934501,,0.2857142857142857,,0.0,,1.0,,2.0
,0.8568512587576675,,0.2857142857142857,,0.0,,1.0,,2.0
,0.8573056606094268,,0.2857142857142857,,0.0,,1.0,,2.0
,0.8573559635616548,,0.2857142857142857,,0.0,,1.0,,2.0
,0.8575400422376276,,0.2857142857142857,,0.0,,1.0,,2.0
,0.8572743228246311,,0.2857142857142857,,0.0,,1.0,,2.0
,0.8571824892158876,,0.2857142857142857,,0.0,,1.0,,2.0
,0.8579260366751834,,0.2857142857142857,,0.0,,1.0,,2.0
,0.861957146235966,,0.2857142857142857,,0.0,,1.0,,2.0
,0.8649604152586835,,0.2857142857142857,,0.0,,1.0,,2.0
,0.8681431015408051,,0.2857142857142857,,0.0,,1.0,,2.0
,0.8711730822378909,,0.2857142857142857,,0.0,,1.0,,2.0
,0.874199290518565,,0.2857142857142857,,0.0,,1.0,,2.0
,0.8778802943897822,,0.2857142857142857,,0.0,,1.0,,2.0
,0.8807106003184719,,0.2857142857142857,,0.0,,1.0,,2.0
,0.8842097835093742,,0.2857142857142857,,0.0,,1.0,,2.0
,0.8875747197480756,,0.2857142857142857,,0.0,,1.0,,2.0
,0.9037532938355316,,0.2857142857142857,,0.0,,1.0,,2.0
,0.903987584061615,,0.2857142857142857,,0.0,,1.0,,2.0
,0.9036044213914434,,0.2857142857142857,,0.0,,1.0,,2.0
,0.9040564060807843,,0.2857142857142857,,0.0,,1.0,,2.0
,0.9047787870728775,,0.2857142857142857,,0.0,,1.0,,2.0
,0.9050244237228814,,0.2857142857142857,,0.0,,1.0,,2.0
,0.9050331481501128,,0.2857142857142857,,0.0,,1.0,,2.0
,0.9057201923519541,,0.2857142857142857,,0.0,,1.0,,2.0
,0.9061580924061201,,0.2857142857142857,,0.0,,1.0,,2.0
,0.9074847969864994,,0.2857142857142857,,0.0,,1.0,,2.0
,0.9080346492519266,,0.2857142857142857,,0.0,,1.0,,2.0
,0.9076478711473537,,0.2857142857142857,,0.0,,1.0,,2.0
,0.9083465506152965,,0.2857142857142857,,0.0,,1.0,,2.0
,0.9093038134550246,,0.2857142857142857,,0.0,,1.0,,2.0
,0.90953730422538,,0.2857142857142857,,0.0,,1.0,,2.0
,0.910582308725548,,0.2857142857142857,,0.0,,1.0,,2.0
,0.9101767516804036,,0.2857142857142857,,0.0,,1.0,,2.0
,0.9115149084199794,,0.2857142857142857,,0.0,,1.0,,2.0
,0.9114617015005161,,0.2857142857142857,,0.0,,1.0,,2.0
,0.9115311419493798,,0.2857142857142857,,0.0,,1.0,,2.0
,0.9131664727032938,,0.2857142857142857,,0.0,,1.0,,2.0
,0.9125744443445423,,0.2857142857142857,,0.0,,1.0,,2.0
,0.912423899348862,,0.2857142857142857,,0.0,,1.0,,2.0
,0.9121345353055095,,0.2857142857142857,,0.0,,1.0,,2.0
,0.9133417465815568,,0.2857142857142857,,0.0,,1.0,,2.0
,0.9129172026129302,,0.2857142857142857,,0.0,,1.0,,2.0
,0.9134476736225535,,0.2857142857142857,,0.0,,1.0,,2.0
,0.912636429660898,,0.2857142857142857,,0.0,,1.0,,2.0
,0.913214278416801,,0.2857142857142857,,0.0,,1.0,,2.0
,0.9127394130404063,,0.2857142857142857,,0.0,,1.0,,2.0
,0.913038429512415,,0.2857142857142857,,0.0,,1.0,,2.0
,0.9125819559564685,,0.2857142857142857,,0.0,,1.0,,2.0
,0.9116814832038378,,0.2857142857142857,,0.0,,1.0,,2.0
,0.9101277691114387,,0.2857142857142857,,0.0,,1.0,,2.0
,0.9090235818145377,,0.2857142857142857,,0.0,,1.0,,2.0
,0.9097142907767286,,0.2857142857142857,,0.0,,1.0,,2.0
,0.9090292313462637,,0.2857142857142857,,0.0,,1.0,,2.0
,0.9089720476310668,,0.2857142857142857,,0.0,,1.0,,2.0
,0.9076832904968224,,0.2857142857142857,,0.0,,1.0,,2.0
,0.9070498289389397,,0.2857142857142857,,0.0,,1.0,,2.0
,0.906308753666788,,0.2857142857142857,,0.0,,1.0,,2.0
,0.9057492765138287,,0.2857142857142857,,0.0,,1.0,,2.0
,0.9045450395661081,,0.2857142857142857,,0.0,,1.0,,2.0
,0.9032473436994402,,0.2857142857142857,,0.0,,1.0,,2.0
,0.9025241710615102,,0.2857142857142857,,0.0,,1.0,,2.0
,0.9017708132094634,,0.2857142857142857,,0.0,,1.0,,2.0
,0.8998401428625539,,0.2857142857142857,,0.0,,1.0,,2.0
,0.8991455239371191,,0.2857142857142857,,0.0,,1.0,,2.0
,0.8979112816295153,,0.2857142857142857,,0.0,,1.0,,2.0
,0.8967164080074992,,0.2857142857142857,,0.0,,1.0,,2.0
,0.8950637235878139,,0.2857142857142857,,0.0,,1.0,,2.0
,0.8935397453985239,,0.2857142857142857,,0.0,,1.0,,2.0
,0.8920762112848308,,0.2857142857142857,,0.0,,1.0,,2.0
,0.8902463311226737,,0.2857142857142857,,0.0,,1.0,,2.0
,0.8882149243645056,,0.2857142857142857,,0.0,,1.0,,2.0
,0.8866042944758751,,0.2857142857142857,,0.0,,1.0,,2.0
,0.8855486597825758,,0.2857142857142857,,0.0,,1.0,,2.0
,0.8836889343343461,,0.2857142857142857,,0.0,,1.0,,2.0
,0.8824683650778493,,0.2857142857142857,,0.0,,1.0,,2.0
,0.8802499137417528,,0.2857142857142857,,0.0,,1.0,,2.0
,0.8790834815171793,,0.2857142857142857,,0.0,,1.0,,2.0
,0.8768473638067195,,0.2857142857142857,,0.0,,1.0,,2.0
,0.8746347533465904,,0.2857142857142857,,0.0,,1.0,,2.0
,0.8743588324545046,,0.2857142857142857,,0.0,,1.0,,2.0
,0.8743417081330314,,0.2857142857142857,,0.0,,1.0,,2.0
,0.8735956504146589,,0.2857142857142857,,0.0,,1.0,,2.0
,0.8737073120673557,,0.2857142857142857,,0.0,,1.0,,2.0
,0.874599299772696,,0.2857142857142857,,0.0,,1.0,,2.0
,0.873972220487905,,0.2857142857142857,,0.0,,1.0,,2.0
,0.8751870212982529,,0.2857142857142857,,0.0,,1.0,,2.0
,0.874530972345058,,0.2857142857142857,,0.0,,1.0,,2.0
,0.8753111846938126,,0.2857142857142857,,0.0,,1.0,,2.0
,0.8745846888046496,,0.2857142857142857,,0.0,,1.0,,2.0
,0.8752085357504773,,0.2857142857142857,,0.0,,1.0,,2.0
,0.87534336947683,,0.2857142857142857,,0.0,,1.0,,2.0
,0.8746616979429023,,0.2857142857142857,,0.0,,1.0,,2.0
,0.8746562443796788,,0.2857142857142857,,0.0,,1.0,,2.0
,0.8748046085763812,,0.2857142857142857,,0.0,,1.0,,2.0
,0.8758474899753484,,0.2857142857142857,,0.0,,1.0,,2.0
,0.8756615717874565,,0.2857142857142857,,0.0,,1.0,,2.0
,0.874973665954455,,0.2857142857142857,,0.0,,1.0,,2.0
,0.8754594553940831,,0.2857142857142857,,0.0,,1.0,,2.0
,0.8750400817761689,,0.2857142857142857,,0.0,,1.0,,2.0
,0.8748183307536566,,0.2857142857142857,,0.0,,1.0,,2.0
,0.8757211994107061,,0.2857142857142857,,0.0,,1.0,,2.0
,0.8756857307414341,,0.2857142857142857,,0.0,,1.0,,2.0
,0.8753328986516284,,0.2857142857142857,,0.0,,1.0,,2.0
,0.8759318956309426,,0.2857142857142857,,0.0,,1.0,,2.0
,0.8759255511580915,,0.2857142857142857,,0.0,,1.0,,2.0
,0.8750216289836934,,0.2857142857142857,,0.0,,1.0,,2.0
,0.8752347964649926,,0.2857142857142857,,0.0,,1.0,,2.0
,0.8751191786737926,,0.2857142857142857,,0.0,,1.0,,2.0
,0.8759831967082856,,0.2857142857142857,,0.0,,1.0,,2.0
,0.8760231731653508,,0.2857142857142857,,0.0,,1.0,,2.0
,0.8755861290455937,,0.2857142857142857,,0.0,,1.0,,2.0
,0.874948353190186,,0.2857142857142857,,0.0,,1.0,,2.0
,0.8751506419962117,,0.2857142857142857,,0.0,,1.0,,2.0
,0.878183251089742,,0.2857142857142857,,0.0,,1.0,,2.0
,0.8816050950613025,,0.2857142857142857,,0.0,,1.0,,2.0
,0.8838620094450453,,0.2857142857142857,,0.0,,1.0,,2.0
